"id","name","nameKo","nameEn","category","icon","iconUrl","patch"
"226630","선혈포식자","선혈포식자","Goredrinker","prismatic","prismatic/226630-arena.png","https://raw.communitydragon.org/latest/plugins/rcp-be-lol-game-data/global/default/assets/items/icons2d/6630_fighter_t4_goredrinker.png","16.19.1"
"226693","자객의 발톱","자객의 발톱","Prowler's Claw","prismatic","prismatic/226693-arena.png","https://raw.communitydragon.org/latest/plugins/rcp-be-lol-game-data/global/default/assets/items/icons2d/6693_assassin_t4_prowlersclaw.png","16.19.1"
"443054","흑강철 발톱","흑강철 발톱","Darksteel Talons","prismatic","prismatic/443054-darksteel-talons.png","https://raw.communitydragon.org/latest/plugins/rcp-be-lol-game-data/global/default/assets/items/icons2d/3054_silversteeltalons.png","16.19.1"
"443055","질책","질책","Fulmination","prismatic","prismatic/443055-fulmination.png","https://raw.communitydragon.org/latest/plugins/rcp-be-lol-game-data/global/default/assets/items/icons2d/3055_fulmination.png","16.19.1"
"443056","불사대마왕의 왕관","불사대마왕의 왕관","Demon King's Crown","prismatic","prismatic/443056-demon-king-s-crown.png","https://raw.communitydragon.org/latest/plugins/rcp-be-lol-game-data/global/default/assets/items/icons2d/3056_demonkingscrown.png","16.19.1"
"443058","용암의 방패","용암의 방패","Shield of Molten Stone","prismatic","prismatic/443058-shield-of-molten-stone.png","https://raw.communitydragon.org/latest/plugins/rcp-be-lol-game-data/global/default/assets/items/icons2d/3058_shieldofmoltenstone.png","16.19.1"
"443059","별빛밤 망토","별빛밤 망토","Cloak of Starry Night","prismatic","prismatic/443059-cloak-of-starry-night.png","https://raw.communitydragon.org/latest/plugins/rcp-be-lol-game-data/global/default/assets/items/icons2d/3059_cloakofstarrynight.png","16.19.1"
"443060","신성의 검","신성의 검","Sword of the Divine","prismatic","prismatic/443060-sword-of-the-divine.png","https://raw.communitydragon.org/latest/plugins/rcp-be-lol-game-data/global/default/assets/items/icons2d/3131_fighter_t3_swordofthedivine.png","16.19.1"
"443061","엔트로피의 힘","엔트로피의 힘","Force Of Entropy","prismatic","prismatic/443061-force-of-entropy.png","https://raw.communitydragon.org/latest/plugins/rcp-be-lol-game-data/global/default/assets/items/icons2d/3061_forceofentropy.png","16.19.1"
"443062","핏빛 선물","핏빛 선물","Sanguine Gift","prismatic","prismatic/443062-sanguine-gift.png","https://raw.communitydragon.org/latest/plugins/rcp-be-lol-game-data/global/default/assets/items/icons2d/3062_sanguinegift.png","16.19.1"
"443063","일라이자의 기적","일라이자의 기적","Eleisa's Miracle","prismatic","prismatic/443063-eleisa-s-miracle.png","https://raw.communitydragon.org/latest/plugins/rcp-be-lol-game-data/global/default/assets/items/icons2d/3063_elishasmiracle.png","16.19.1"
"443064","승천의 부적","승천의 부적","Talisman Of Ascension","prismatic","prismatic/443064-talisman-of-ascension.png","https://raw.communitydragon.org/latest/plugins/rcp-be-lol-game-data/global/default/assets/items/icons2d/3064_talismanofascension.png","16.19.1"
"443069","불귀신","불귀신","Hamstringer","prismatic","prismatic/443069-hamstringer.png","https://raw.communitydragon.org/latest/plugins/rcp-be-lol-game-data/global/default/assets/items/icons2d/3069_hamstringer.png","16.19.1"
"443079","터보 화공 탱크","터보 화공 탱크","Turbo Chemtank","prismatic","prismatic/443079-turbo-chemtank.png","https://raw.communitydragon.org/latest/plugins/rcp-be-lol-game-data/global/default/assets/items/icons2d/6664_tank_t4_acceleratedchemtank.png","16.19.1"
"443081","마공화살 동료","마공화살 동료","Hexbolt Companion","prismatic","prismatic/443081-hexbolt-companion.png","https://raw.communitydragon.org/latest/plugins/rcp-be-lol-game-data/global/default/assets/items/icons2d/443081_hexboltcompanion.png","16.19.1"
"443083","워모그의 갑옷","워모그의 갑옷","Warmog's Armor","prismatic","prismatic/443083-warmog-s-armor.png","https://raw.communitydragon.org/latest/plugins/rcp-be-lol-game-data/global/default/assets/items/icons2d/3083_tank_t3_warmogs.png","16.19.1"
"443090","사신의 대가","사신의 대가","Reaper's Toll","prismatic","prismatic/443090-reaper-s-toll.png","https://raw.communitydragon.org/latest/plugins/rcp-be-lol-game-data/global/default/assets/items/icons2d/443090_reaperstoll.png","16.19.1"
"443193","가고일 돌갑옷","가고일 돌갑옷","Gargoyle Stoneplate","prismatic","prismatic/443193-gargoyle-stoneplate.png","https://raw.communitydragon.org/latest/plugins/rcp-be-lol-game-data/global/default/assets/items/icons2d/3193_tank_t3_gargoylestoneplate.png","16.19.1"
"444636","밤의 수확자","밤의 수확자","Night Harvester","prismatic","prismatic/444636-night-harvester.png","https://raw.communitydragon.org/latest/plugins/rcp-be-lol-game-data/global/default/assets/items/icons2d/4636_mage_t4_nightharvester.png","16.19.1"
"444637","악마의 포옹","악마의 포옹","Demonic Embrace","prismatic","prismatic/444637-demonic-embrace.png","https://raw.communitydragon.org/latest/plugins/rcp-be-lol-game-data/global/default/assets/items/icons2d/4637_mage_t3_demonicembrace.png","16.19.1"
"444644","부서진 여왕의 왕관","부서진 여왕의 왕관","Crown of the Shattered Queen","prismatic","prismatic/444644-crown-of-the-shattered-queen.png","https://raw.communitydragon.org/latest/plugins/rcp-be-lol-game-data/global/default/assets/items/icons2d/4644_crown.png","16.19.1"
"446632","신성한 파괴자","신성한 파괴자","Divine Sunderer","prismatic","prismatic/446632-divine-sunderer.png","https://raw.communitydragon.org/latest/plugins/rcp-be-lol-game-data/global/default/assets/items/icons2d/6632_fighter_t4_divinedevourer.png","16.19.1"
"446656","만년서리","만년서리","Everfrost","prismatic","prismatic/446656-everfrost.png","https://raw.communitydragon.org/latest/plugins/rcp-be-lol-game-data/global/default/assets/items/icons2d/6656_mage_t4_everfrost.png","16.19.1"
"446667","광휘의 미덕","광휘의 미덕","Radiant Virtue","prismatic","prismatic/446667-radiant-virtue.png","https://raw.communitydragon.org/latest/plugins/rcp-be-lol-game-data/global/default/assets/items/icons2d/6667_tank_t4_radiantvirtue.png","16.19.1"
"446671","돌풍","돌풍","Galeforce","prismatic","prismatic/446671-galeforce.png","https://raw.communitydragon.org/latest/plugins/rcp-be-lol-game-data/global/default/assets/items/icons2d/6671_marksman_t4_galeforce.png","16.19.1"
"446691","드락사르의 황혼검","드락사르의 황혼검","Duskblade of Draktharr","prismatic","prismatic/446691-duskblade-of-draktharr.png","https://raw.communitydragon.org/latest/plugins/rcp-be-lol-game-data/global/default/assets/items/icons2d/6691_assassin_t4_duskbladeofdraktharr.png","16.19.1"
"447100","신기루 검","신기루 검","Mirage Blade","prismatic","prismatic/447100-mirage-blade.png","https://raw.communitydragon.org/latest/plugins/rcp-be-lol-game-data/global/default/assets/items/icons2d/7100_mirageblade.png","16.19.1"
"447101","도박꾼의 칼날","도박꾼의 칼날","Gambler's Blade","prismatic","prismatic/447101-gambler-s-blade.png","https://raw.communitydragon.org/latest/plugins/rcp-be-lol-game-data/global/default/assets/items/icons2d/7101_gamblers_blade.png","16.19.1"
"447102","현실 균열","현실 균열","Reality Fracture","prismatic","prismatic/447102-reality-fracture.png","https://raw.communitydragon.org/latest/plugins/rcp-be-lol-game-data/global/default/assets/items/icons2d/7102_realityfracture.png","16.19.1"
"447103","혈마법사의 투구","혈마법사의 투구","Hemomancer's Helm","prismatic","prismatic/447103-hemomancer-s-helm.png","https://raw.communitydragon.org/latest/plugins/rcp-be-lol-game-data/global/default/assets/items/icons2d/7103_hemomancershelm.png","16.19.1"
"447104","활력증진의 펜던트","활력증진의 펜던트","Innervating Locket","prismatic","prismatic/447104-innervating-locket.png","https://raw.communitydragon.org/latest/plugins/rcp-be-lol-game-data/global/default/assets/items/icons2d/3032_innervating_locket.project_jade.png","16.19.1"
"447105","창공의 서약","창공의 서약","Empyrean Promise","prismatic","prismatic/447105-empyrean-promise.png","https://raw.communitydragon.org/latest/plugins/rcp-be-lol-game-data/global/default/assets/items/icons2d/7105_angelicpromise.png","16.19.1"
"447106","용의 심장","용의 심장","Dragonheart","prismatic","prismatic/447106-dragonheart.png","https://raw.communitydragon.org/latest/plugins/rcp-be-lol-game-data/global/default/assets/items/icons2d/7106_dragonheart.png","16.19.1"
"447107","참수자","참수자","Decapitator","prismatic","prismatic/447107-decapitator.png","https://raw.communitydragon.org/latest/plugins/rcp-be-lol-game-data/global/default/assets/items/icons2d/7107_decapitator.png","16.19.1"
"447108","룬 조각기","룬 조각기","Runecarver","prismatic","prismatic/447108-runecarver.png","https://raw.communitydragon.org/latest/plugins/rcp-be-lol-game-data/global/default/assets/items/icons2d/7108_runecarver.png","16.19.1"
"447109","잔혹 행위","잔혹 행위","Cruelty","prismatic","prismatic/447109-cruelty.png","https://raw.communitydragon.org/latest/plugins/rcp-be-lol-game-data/global/default/assets/items/icons2d/6035_fighter_t3_silvermeredawn.png","16.19.1"
"447110","달빛 마법검","달빛 마법검","Moonflair Spellblade","prismatic","prismatic/447110-moonflair-spellblade.png","https://raw.communitydragon.org/latest/plugins/rcp-be-lol-game-data/global/default/assets/items/icons2d/7110_moonflairspellblade.png","16.19.1"
"447112","살점포식자","살점포식자","Flesheater","prismatic","prismatic/447112-flesheater.png","https://raw.communitydragon.org/latest/plugins/rcp-be-lol-game-data/global/default/assets/items/icons2d/7112_flesheater.png","16.19.1"
"447113","폭발의 구","폭발의 구","Detonation Orb","prismatic","prismatic/447113-detonation-orb.png","https://raw.communitydragon.org/latest/plugins/rcp-be-lol-game-data/global/default/assets/items/icons2d/7113_detonationorb.png","16.19.1"
"447114","반향","반향","Reverberation","prismatic","prismatic/447114-reverberation.png","https://raw.communitydragon.org/latest/plugins/rcp-be-lol-game-data/global/default/assets/items/icons2d/447114_reverberation.png","16.19.1"
"447115","섭정 시해","섭정 시해","Regicide","prismatic","prismatic/447115-regicide.png","https://raw.communitydragon.org/latest/plugins/rcp-be-lol-game-data/global/default/assets/items/icons2d/447115_regicide.png","16.19.1"
"447116","킨코우 십수","킨코우 십수","Kinkou Jitte","prismatic","prismatic/447116-kinkou-jitte.png","https://raw.communitydragon.org/latest/plugins/rcp-be-lol-game-data/global/default/assets/items/icons2d/447116_kinkoujitte.png","16.19.1"
"447118","화염술사의 망토","화염술사의 망토","Pyromancer's Cloak","prismatic","prismatic/447118-pyromancer-s-cloak.png","https://raw.communitydragon.org/latest/plugins/rcp-be-lol-game-data/global/default/assets/items/icons2d/447118_pyromancerscloak.png","16.19.1"
"447119","번개 막대","번개 막대","Lightning Rod","prismatic","prismatic/447119-lightning-rod.png","https://raw.communitydragon.org/latest/plugins/rcp-be-lol-game-data/global/default/assets/items/icons2d/447119_lightningrod.png","16.19.1"
"447120","다이아몬드 창","다이아몬드 창","Diamond-Tipped Spear","prismatic","prismatic/447120-diamond-tipped-spear.png","https://raw.communitydragon.org/latest/plugins/rcp-be-lol-game-data/global/default/assets/items/icons2d/447120_diamondtippedspear.png","16.19.1"
"447121","황혼의 끝자락","황혼의 끝자락","Twilight's Edge","prismatic","prismatic/447121-twilight-s-edge.png","https://raw.communitydragon.org/latest/plugins/rcp-be-lol-game-data/global/default/assets/items/icons2d/447121_twilightsedge.png","16.19.1"
"447122","블랙홀 건틀릿","블랙홀 건틀릿","Black Hole Gauntlet","prismatic","prismatic/447122-black-hole-gauntlet.png","https://raw.communitydragon.org/latest/plugins/rcp-be-lol-game-data/global/default/assets/items/icons2d/447122_blackholegauntlet.png","16.19.1"
"447123","조종의 손아귀","조종의 손아귀","Puppeteer","prismatic","prismatic/447123-puppeteer.png","https://raw.communitydragon.org/latest/plugins/rcp-be-lol-game-data/global/default/assets/items/icons2d/447123_puppeteer.png","16.19.1"
