"id","apiName","name","splash","icon","splashUrl","iconUrl","patch","nameEn","nameKo"
"266","Aatrox","아트록스","splash/aatrox.jpg","icons/aatrox.png","https://ddragon.leagueoflegends.com/cdn/img/champion/splash/Aatrox_0.jpg","https://ddragon.leagueoflegends.com/cdn/16.19.1/img/champion/Aatrox.png","16.19.1","Aatrox","아트록스"
"103","Ahri","아리","splash/ahri.jpg","icons/ahri.png","https://ddragon.leagueoflegends.com/cdn/img/champion/splash/Ahri_0.jpg","https://ddragon.leagueoflegends.com/cdn/16.19.1/img/champion/Ahri.png","16.19.1","Ahri","아리"
"84","Akali","아칼리","splash/akali.jpg","icons/akali.png","https://ddragon.leagueoflegends.com/cdn/img/champion/splash/Akali_0.jpg","https://ddragon.leagueoflegends.com/cdn/16.19.1/img/champion/Akali.png","16.19.1","Akali","아칼리"
"166","Akshan","아크샨","splash/akshan.jpg","icons/akshan.png","https://ddragon.leagueoflegends.com/cdn/img/champion/splash/Akshan_0.jpg","https://ddragon.leagueoflegends.com/cdn/16.19.1/img/champion/Akshan.png","16.19.1","Akshan","아크샨"
"12","Alistar","알리스타","splash/alistar.jpg","icons/alistar.png","https://ddragon.leagueoflegends.com/cdn/img/champion/splash/Alistar_0.jpg","https://ddragon.leagueoflegends.com/cdn/16.19.1/img/champion/Alistar.png","16.19.1","Alistar","알리스타"
"799","Ambessa","암베사","splash/ambessa.jpg","icons/ambessa.png","https://ddragon.leagueoflegends.com/cdn/img/champion/splash/Ambessa_0.jpg","https://ddragon.leagueoflegends.com/cdn/16.19.1/img/champion/Ambessa.png","16.19.1","Ambessa","암베사"
"32","Amumu","아무무","splash/amumu.jpg","icons/amumu.png","https://ddragon.leagueoflegends.com/cdn/img/champion/splash/Amumu_0.jpg","https://ddragon.leagueoflegends.com/cdn/16.19.1/img/champion/Amumu.png","16.19.1","Amumu","아무무"
"34","Anivia","애니비아","splash/anivia.jpg","icons/anivia.png","https://ddragon.leagueoflegends.com/cdn/img/champion/splash/Anivia_0.jpg","https://ddragon.leagueoflegends.com/cdn/16.19.1/img/champion/Anivia.png","16.19.1","Anivia","애니비아"
"1","Annie","애니","splash/annie.jpg","icons/annie.png","https://ddragon.leagueoflegends.com/cdn/img/champion/splash/Annie_0.jpg","https://ddragon.leagueoflegends.com/cdn/16.19.1/img/champion/Annie.png","16.19.1","Annie","애니"
"523","Aphelios","아펠리오스","splash/aphelios.jpg","icons/aphelios.png","https://ddragon.leagueoflegends.com/cdn/img/champion/splash/Aphelios_0.jpg","https://ddragon.leagueoflegends.com/cdn/16.19.1/img/champion/Aphelios.png","16.19.1","Aphelios","아펠리오스"
"22","Ashe","애쉬","splash/ashe.jpg","icons/ashe.png","https://ddragon.leagueoflegends.com/cdn/img/champion/splash/Ashe_0.jpg","https://ddragon.leagueoflegends.com/cdn/16.19.1/img/champion/Ashe.png","16.19.1","Ashe","애쉬"
"136","AurelionSol","아우렐리온 솔","splash/aurelionsol.jpg","icons/aurelionsol.png","https://ddragon.leagueoflegends.com/cdn/img/champion/splash/AurelionSol_0.jpg","https://ddragon.leagueoflegends.com/cdn/16.19.1/img/champion/AurelionSol.png","16.19.1","Aurelion Sol","아우렐리온 솔"
"893","Aurora","오로라","splash/aurora.jpg","icons/aurora.png","https://ddragon.leagueoflegends.com/cdn/img/champion/splash/Aurora_0.jpg","https://ddragon.leagueoflegends.com/cdn/16.19.1/img/champion/Aurora.png","16.19.1","Aurora","오로라"
"268","Azir","아지르","splash/azir.jpg","icons/azir.png","https://ddragon.leagueoflegends.com/cdn/img/champion/splash/Azir_0.jpg","https://ddragon.leagueoflegends.com/cdn/16.19.1/img/champion/Azir.png","16.19.1","Azir","아지르"
"432","Bard","바드","splash/bard.jpg","icons/bard.png","https://ddragon.leagueoflegends.com/cdn/img/champion/splash/Bard_0.jpg","https://ddragon.leagueoflegends.com/cdn/16.19.1/img/champion/Bard.png","16.19.1","Bard","바드"
"200","Belveth","벨베스","splash/belveth.jpg","icons/belveth.png","https://ddragon.leagueoflegends.com/cdn/img/champion/splash/Belveth_0.jpg","https://ddragon.leagueoflegends.com/cdn/16.19.1/img/champion/Belveth.png","16.19.1","Bel'Veth","벨베스"
"53","Blitzcrank","블리츠크랭크","splash/blitzcrank.jpg","icons/blitzcrank.png","https://ddragon.leagueoflegends.com/cdn/img/champion/splash/Blitzcrank_0.jpg","https://ddragon.leagueoflegends.com/cdn/16.19.1/img/champion/Blitzcrank.png","16.19.1","Blitzcrank","블리츠크랭크"
"63","Brand","브랜드","splash/brand.jpg","icons/brand.png","https://ddragon.leagueoflegends.com/cdn/img/champion/splash/Brand_0.jpg","https://ddragon.leagueoflegends.com/cdn/16.19.1/img/champion/Brand.png","16.19.1","Brand","브랜드"
"201","Braum","브라움","splash/braum.jpg","icons/braum.png","https://ddragon.leagueoflegends.com/cdn/img/champion/splash/Braum_0.jpg","https://ddragon.leagueoflegends.com/cdn/16.19.1/img/champion/Braum.png","16.19.1","Braum","브라움"
"233","Briar","브라이어","splash/briar.jpg","icons/briar.png","https://ddragon.leagueoflegends.com/cdn/img/champion/splash/Briar_0.jpg","https://ddragon.leagueoflegends.com/cdn/16.19.1/img/champion/Briar.png","16.19.1","Briar","브라이어"
"51","Caitlyn","케이틀린","splash/caitlyn.jpg","icons/caitlyn.png","https://ddragon.leagueoflegends.com/cdn/img/champion/splash/Caitlyn_0.jpg","https://ddragon.leagueoflegends.com/cdn/16.19.1/img/champion/Caitlyn.png","16.19.1","Caitlyn","케이틀린"
"164","Camille","카밀","splash/camille.jpg","icons/camille.png","https://ddragon.leagueoflegends.com/cdn/img/champion/splash/Camille_0.jpg","https://ddragon.leagueoflegends.com/cdn/16.19.1/img/champion/Camille.png","16.19.1","Camille","카밀"
"69","Cassiopeia","카시오페아","splash/cassiopeia.jpg","icons/cassiopeia.png","https://ddragon.leagueoflegends.com/cdn/img/champion/splash/Cassiopeia_0.jpg","https://ddragon.leagueoflegends.com/cdn/16.19.1/img/champion/Cassiopeia.png","16.19.1","Cassiopeia","카시오페아"
"31","Chogath","초가스","splash/chogath.jpg","icons/chogath.png","https://ddragon.leagueoflegends.com/cdn/img/champion/splash/Chogath_0.jpg","https://ddragon.leagueoflegends.com/cdn/16.19.1/img/champion/Chogath.png","16.19.1","Cho'Gath","초가스"
"42","Corki","코르키","splash/corki.jpg","icons/corki.png","https://ddragon.leagueoflegends.com/cdn/img/champion/splash/Corki_0.jpg","https://ddragon.leagueoflegends.com/cdn/16.19.1/img/champion/Corki.png","16.19.1","Corki","코르키"
"122","Darius","다리우스","splash/darius.jpg","icons/darius.png","https://ddragon.leagueoflegends.com/cdn/img/champion/splash/Darius_0.jpg","https://ddragon.leagueoflegends.com/cdn/16.19.1/img/champion/Darius.png","16.19.1","Darius","다리우스"
"131","Diana","다이애나","splash/diana.jpg","icons/diana.png","https://ddragon.leagueoflegends.com/cdn/img/champion/splash/Diana_0.jpg","https://ddragon.leagueoflegends.com/cdn/16.19.1/img/champion/Diana.png","16.19.1","Diana","다이애나"
"36","DrMundo","문도 박사","splash/drmundo.jpg","icons/drmundo.png","https://ddragon.leagueoflegends.com/cdn/img/champion/splash/DrMundo_0.jpg","https://ddragon.leagueoflegends.com/cdn/16.19.1/img/champion/DrMundo.png","16.19.1","Dr. Mundo","문도 박사"
"119","Draven","드레이븐","splash/draven.jpg","icons/draven.png","https://ddragon.leagueoflegends.com/cdn/img/champion/splash/Draven_0.jpg","https://ddragon.leagueoflegends.com/cdn/16.19.1/img/champion/Draven.png","16.19.1","Draven","드레이븐"
"245","Ekko","에코","splash/ekko.jpg","icons/ekko.png","https://ddragon.leagueoflegends.com/cdn/img/champion/splash/Ekko_0.jpg","https://ddragon.leagueoflegends.com/cdn/16.19.1/img/champion/Ekko.png","16.19.1","Ekko","에코"
"60","Elise","엘리스","splash/elise.jpg","icons/elise.png","https://ddragon.leagueoflegends.com/cdn/img/champion/splash/Elise_0.jpg","https://ddragon.leagueoflegends.com/cdn/16.19.1/img/champion/Elise.png","16.19.1","Elise","엘리스"
"28","Evelynn","이블린","splash/evelynn.jpg","icons/evelynn.png","https://ddragon.leagueoflegends.com/cdn/img/champion/splash/Evelynn_0.jpg","https://ddragon.leagueoflegends.com/cdn/16.19.1/img/champion/Evelynn.png","16.19.1","Evelynn","이블린"
"81","Ezreal","이즈리얼","splash/ezreal.jpg","icons/ezreal.png","https://ddragon.leagueoflegends.com/cdn/img/champion/splash/Ezreal_0.jpg","https://ddragon.leagueoflegends.com/cdn/16.19.1/img/champion/Ezreal.png","16.19.1","Ezreal","이즈리얼"
"9","Fiddlesticks","피들스틱","splash/fiddlesticks.jpg","icons/fiddlesticks.png","https://ddragon.leagueoflegends.com/cdn/img/champion/splash/Fiddlesticks_0.jpg","https://ddragon.leagueoflegends.com/cdn/16.19.1/img/champion/Fiddlesticks.png","16.19.1","Fiddlesticks","피들스틱"
"114","Fiora","피오라","splash/fiora.jpg","icons/fiora.png","https://ddragon.leagueoflegends.com/cdn/img/champion/splash/Fiora_0.jpg","https://ddragon.leagueoflegends.com/cdn/16.19.1/img/champion/Fiora.png","16.19.1","Fiora","피오라"
"105","Fizz","피즈","splash/fizz.jpg","icons/fizz.png","https://ddragon.leagueoflegends.com/cdn/img/champion/splash/Fizz_0.jpg","https://ddragon.leagueoflegends.com/cdn/16.19.1/img/champion/Fizz.png","16.19.1","Fizz","피즈"
"3","Galio","갈리오","splash/galio.jpg","icons/galio.png","https://ddragon.leagueoflegends.com/cdn/img/champion/splash/Galio_0.jpg","https://ddragon.leagueoflegends.com/cdn/16.19.1/img/champion/Galio.png","16.19.1","Galio","갈리오"
"41","Gangplank","갱플랭크","splash/gangplank.jpg","icons/gangplank.png","https://ddragon.leagueoflegends.com/cdn/img/champion/splash/Gangplank_0.jpg","https://ddragon.leagueoflegends.com/cdn/16.19.1/img/champion/Gangplank.png","16.19.1","Gangplank","갱플랭크"
"86","Garen","가렌","splash/garen.jpg","icons/garen.png","https://ddragon.leagueoflegends.com/cdn/img/champion/splash/Garen_0.jpg","https://ddragon.leagueoflegends.com/cdn/16.19.1/img/champion/Garen.png","16.19.1","Garen","가렌"
"150","Gnar","나르","splash/gnar.jpg","icons/gnar.png","https://ddragon.leagueoflegends.com/cdn/img/champion/splash/Gnar_0.jpg","https://ddragon.leagueoflegends.com/cdn/16.19.1/img/champion/Gnar.png","16.19.1","Gnar","나르"
"79","Gragas","그라가스","splash/gragas.jpg","icons/gragas.png","https://ddragon.leagueoflegends.com/cdn/img/champion/splash/Gragas_0.jpg","https://ddragon.leagueoflegends.com/cdn/16.19.1/img/champion/Gragas.png","16.19.1","Gragas","그라가스"
"104","Graves","그레이브즈","splash/graves.jpg","icons/graves.png","https://ddragon.leagueoflegends.com/cdn/img/champion/splash/Graves_0.jpg","https://ddragon.leagueoflegends.com/cdn/16.19.1/img/champion/Graves.png","16.19.1","Graves","그레이브즈"
"887","Gwen","그웬","splash/gwen.jpg","icons/gwen.png","https://ddragon.leagueoflegends.com/cdn/img/champion/splash/Gwen_0.jpg","https://ddragon.leagueoflegends.com/cdn/16.19.1/img/champion/Gwen.png","16.19.1","Gwen","그웬"
"120","Hecarim","헤카림","splash/hecarim.jpg","icons/hecarim.png","https://ddragon.leagueoflegends.com/cdn/img/champion/splash/Hecarim_0.jpg","https://ddragon.leagueoflegends.com/cdn/16.19.1/img/champion/Hecarim.png","16.19.1","Hecarim","헤카림"
"74","Heimerdinger","하이머딩거","splash/heimerdinger.jpg","icons/heimerdinger.png","https://ddragon.leagueoflegends.com/cdn/img/champion/splash/Heimerdinger_0.jpg","https://ddragon.leagueoflegends.com/cdn/16.19.1/img/champion/Heimerdinger.png","16.19.1","Heimerdinger","하이머딩거"
"910","Hwei","흐웨이","splash/hwei.jpg","icons/hwei.png","https://ddragon.leagueoflegends.com/cdn/img/champion/splash/Hwei_0.jpg","https://ddragon.leagueoflegends.com/cdn/16.19.1/img/champion/Hwei.png","16.19.1","Hwei","흐웨이"
"420","Illaoi","일라오이","splash/illaoi.jpg","icons/illaoi.png","https://ddragon.leagueoflegends.com/cdn/img/champion/splash/Illaoi_0.jpg","https://ddragon.leagueoflegends.com/cdn/16.19.1/img/champion/Illaoi.png","16.19.1","Illaoi","일라오이"
"39","Irelia","이렐리아","splash/irelia.jpg","icons/irelia.png","https://ddragon.leagueoflegends.com/cdn/img/champion/splash/Irelia_0.jpg","https://ddragon.leagueoflegends.com/cdn/16.19.1/img/champion/Irelia.png","16.19.1","Irelia","이렐리아"
"427","Ivern","아이번","splash/ivern.jpg","icons/ivern.png","https://ddragon.leagueoflegends.com/cdn/img/champion/splash/Ivern_0.jpg","https://ddragon.leagueoflegends.com/cdn/16.19.1/img/champion/Ivern.png","16.19.1","Ivern","아이번"
"40","Janna","잔나","splash/janna.jpg","icons/janna.png","https://ddragon.leagueoflegends.com/cdn/img/champion/splash/Janna_0.jpg","https://ddragon.leagueoflegends.com/cdn/16.19.1/img/champion/Janna.png","16.19.1","Janna","잔나"
"59","JarvanIV","자르반 4세","splash/jarvaniv.jpg","icons/jarvaniv.png","https://ddragon.leagueoflegends.com/cdn/img/champion/splash/JarvanIV_0.jpg","https://ddragon.leagueoflegends.com/cdn/16.19.1/img/champion/JarvanIV.png","16.19.1","Jarvan IV","자르반 4세"
"24","Jax","잭스","splash/jax.jpg","icons/jax.png","https://ddragon.leagueoflegends.com/cdn/img/champion/splash/Jax_0.jpg","https://ddragon.leagueoflegends.com/cdn/16.19.1/img/champion/Jax.png","16.19.1","Jax","잭스"
"126","Jayce","제이스","splash/jayce.jpg","icons/jayce.png","https://ddragon.leagueoflegends.com/cdn/img/champion/splash/Jayce_0.jpg","https://ddragon.leagueoflegends.com/cdn/16.19.1/img/champion/Jayce.png","16.19.1","Jayce","제이스"
"202","Jhin","진","splash/jhin.jpg","icons/jhin.png","https://ddragon.leagueoflegends.com/cdn/img/champion/splash/Jhin_0.jpg","https://ddragon.leagueoflegends.com/cdn/16.19.1/img/champion/Jhin.png","16.19.1","Jhin","진"
"222","Jinx","징크스","splash/jinx.jpg","icons/jinx.png","https://ddragon.leagueoflegends.com/cdn/img/champion/splash/Jinx_0.jpg","https://ddragon.leagueoflegends.com/cdn/16.19.1/img/champion/Jinx.png","16.19.1","Jinx","징크스"
"897","KSante","크산테","splash/ksante.jpg","icons/ksante.png","https://ddragon.leagueoflegends.com/cdn/img/champion/splash/KSante_0.jpg","https://ddragon.leagueoflegends.com/cdn/16.19.1/img/champion/KSante.png","16.19.1","K'Sante","크산테"
"145","Kaisa","카이사","splash/kaisa.jpg","icons/kaisa.png","https://ddragon.leagueoflegends.com/cdn/img/champion/splash/Kaisa_0.jpg","https://ddragon.leagueoflegends.com/cdn/16.19.1/img/champion/Kaisa.png","16.19.1","Kai'Sa","카이사"
"429","Kalista","칼리스타","splash/kalista.jpg","icons/kalista.png","https://ddragon.leagueoflegends.com/cdn/img/champion/splash/Kalista_0.jpg","https://ddragon.leagueoflegends.com/cdn/16.19.1/img/champion/Kalista.png","16.19.1","Kalista","칼리스타"
"43","Karma","카르마","splash/karma.jpg","icons/karma.png","https://ddragon.leagueoflegends.com/cdn/img/champion/splash/Karma_0.jpg","https://ddragon.leagueoflegends.com/cdn/16.19.1/img/champion/Karma.png","16.19.1","Karma","카르마"
"30","Karthus","카서스","splash/karthus.jpg","icons/karthus.png","https://ddragon.leagueoflegends.com/cdn/img/champion/splash/Karthus_0.jpg","https://ddragon.leagueoflegends.com/cdn/16.19.1/img/champion/Karthus.png","16.19.1","Karthus","카서스"
"38","Kassadin","카사딘","splash/kassadin.jpg","icons/kassadin.png","https://ddragon.leagueoflegends.com/cdn/img/champion/splash/Kassadin_0.jpg","https://ddragon.leagueoflegends.com/cdn/16.19.1/img/champion/Kassadin.png","16.19.1","Kassadin","카사딘"
"55","Katarina","카타리나","splash/katarina.jpg","icons/katarina.png","https://ddragon.leagueoflegends.com/cdn/img/champion/splash/Katarina_0.jpg","https://ddragon.leagueoflegends.com/cdn/16.19.1/img/champion/Katarina.png","16.19.1","Katarina","카타리나"
"10","Kayle","케일","splash/kayle.jpg","icons/kayle.png","https://ddragon.leagueoflegends.com/cdn/img/champion/splash/Kayle_0.jpg","https://ddragon.leagueoflegends.com/cdn/16.19.1/img/champion/Kayle.png","16.19.1","Kayle","케일"
"141","Kayn","케인","splash/kayn.jpg","icons/kayn.png","https://ddragon.leagueoflegends.com/cdn/img/champion/splash/Kayn_0.jpg","https://ddragon.leagueoflegends.com/cdn/16.19.1/img/champion/Kayn.png","16.19.1","Kayn","케인"
"85","Kennen","케넨","splash/kennen.jpg","icons/kennen.png","https://ddragon.leagueoflegends.com/cdn/img/champion/splash/Kennen_0.jpg","https://ddragon.leagueoflegends.com/cdn/16.19.1/img/champion/Kennen.png","16.19.1","Kennen","케넨"
"121","Khazix","카직스","splash/khazix.jpg","icons/khazix.png","https://ddragon.leagueoflegends.com/cdn/img/champion/splash/Khazix_0.jpg","https://ddragon.leagueoflegends.com/cdn/16.19.1/img/champion/Khazix.png","16.19.1","Kha'Zix","카직스"
"203","Kindred","킨드레드","splash/kindred.jpg","icons/kindred.png","https://ddragon.leagueoflegends.com/cdn/img/champion/splash/Kindred_0.jpg","https://ddragon.leagueoflegends.com/cdn/16.19.1/img/champion/Kindred.png","16.19.1","Kindred","킨드레드"
"240","Kled","클레드","splash/kled.jpg","icons/kled.png","https://ddragon.leagueoflegends.com/cdn/img/champion/splash/Kled_0.jpg","https://ddragon.leagueoflegends.com/cdn/16.19.1/img/champion/Kled.png","16.19.1","Kled","클레드"
"96","KogMaw","코그모","splash/kogmaw.jpg","icons/kogmaw.png","https://ddragon.leagueoflegends.com/cdn/img/champion/splash/KogMaw_0.jpg","https://ddragon.leagueoflegends.com/cdn/16.19.1/img/champion/KogMaw.png","16.19.1","Kog'Maw","코그모"
"7","Leblanc","르블랑","splash/leblanc.jpg","icons/leblanc.png","https://ddragon.leagueoflegends.com/cdn/img/champion/splash/Leblanc_0.jpg","https://ddragon.leagueoflegends.com/cdn/16.19.1/img/champion/Leblanc.png","16.19.1","LeBlanc","르블랑"
"64","LeeSin","리 신","splash/leesin.jpg","icons/leesin.png","https://ddragon.leagueoflegends.com/cdn/img/champion/splash/LeeSin_0.jpg","https://ddragon.leagueoflegends.com/cdn/16.19.1/img/champion/LeeSin.png","16.19.1","Lee Sin","리 신"
"89","Leona","레오나","splash/leona.jpg","icons/leona.png","https://ddragon.leagueoflegends.com/cdn/img/champion/splash/Leona_0.jpg","https://ddragon.leagueoflegends.com/cdn/16.19.1/img/champion/Leona.png","16.19.1","Leona","레오나"
"876","Lillia","릴리아","splash/lillia.jpg","icons/lillia.png","https://ddragon.leagueoflegends.com/cdn/img/champion/splash/Lillia_0.jpg","https://ddragon.leagueoflegends.com/cdn/16.19.1/img/champion/Lillia.png","16.19.1","Lillia","릴리아"
"127","Lissandra","리산드라","splash/lissandra.jpg","icons/lissandra.png","https://ddragon.leagueoflegends.com/cdn/img/champion/splash/Lissandra_0.jpg","https://ddragon.leagueoflegends.com/cdn/16.19.1/img/champion/Lissandra.png","16.19.1","Lissandra","리산드라"
"805","Locke","로크","splash/locke.jpg","icons/locke.png","https://ddragon.leagueoflegends.com/cdn/img/champion/splash/Locke_0.jpg","https://ddragon.leagueoflegends.com/cdn/16.19.1/img/champion/Locke.png","16.19.1","Locke","로크"
"236","Lucian","루시안","splash/lucian.jpg","icons/lucian.png","https://ddragon.leagueoflegends.com/cdn/img/champion/splash/Lucian_0.jpg","https://ddragon.leagueoflegends.com/cdn/16.19.1/img/champion/Lucian.png","16.19.1","Lucian","루시안"
"117","Lulu","룰루","splash/lulu.jpg","icons/lulu.png","https://ddragon.leagueoflegends.com/cdn/img/champion/splash/Lulu_0.jpg","https://ddragon.leagueoflegends.com/cdn/16.19.1/img/champion/Lulu.png","16.19.1","Lulu","룰루"
"99","Lux","럭스","splash/lux.jpg","icons/lux.png","https://ddragon.leagueoflegends.com/cdn/img/champion/splash/Lux_0.jpg","https://ddragon.leagueoflegends.com/cdn/16.19.1/img/champion/Lux.png","16.19.1","Lux","럭스"
"54","Malphite","말파이트","splash/malphite.jpg","icons/malphite.png","https://ddragon.leagueoflegends.com/cdn/img/champion/splash/Malphite_0.jpg","https://ddragon.leagueoflegends.com/cdn/16.19.1/img/champion/Malphite.png","16.19.1","Malphite","말파이트"
"90","Malzahar","말자하","splash/malzahar.jpg","icons/malzahar.png","https://ddragon.leagueoflegends.com/cdn/img/champion/splash/Malzahar_0.jpg","https://ddragon.leagueoflegends.com/cdn/16.19.1/img/champion/Malzahar.png","16.19.1","Malzahar","말자하"
"57","Maokai","마오카이","splash/maokai.jpg","icons/maokai.png","https://ddragon.leagueoflegends.com/cdn/img/champion/splash/Maokai_0.jpg","https://ddragon.leagueoflegends.com/cdn/16.19.1/img/champion/Maokai.png","16.19.1","Maokai","마오카이"
"11","MasterYi","마스터 이","splash/masteryi.jpg","icons/masteryi.png","https://ddragon.leagueoflegends.com/cdn/img/champion/splash/MasterYi_0.jpg","https://ddragon.leagueoflegends.com/cdn/16.19.1/img/champion/MasterYi.png","16.19.1","Master Yi","마스터 이"
"800","Mel","멜","splash/mel.jpg","icons/mel.png","https://ddragon.leagueoflegends.com/cdn/img/champion/splash/Mel_0.jpg","https://ddragon.leagueoflegends.com/cdn/16.19.1/img/champion/Mel.png","16.19.1","Mel","멜"
"902","Milio","밀리오","splash/milio.jpg","icons/milio.png","https://ddragon.leagueoflegends.com/cdn/img/champion/splash/Milio_0.jpg","https://ddragon.leagueoflegends.com/cdn/16.19.1/img/champion/Milio.png","16.19.1","Milio","밀리오"
"21","MissFortune","미스 포츈","splash/missfortune.jpg","icons/missfortune.png","https://ddragon.leagueoflegends.com/cdn/img/champion/splash/MissFortune_0.jpg","https://ddragon.leagueoflegends.com/cdn/16.19.1/img/champion/MissFortune.png","16.19.1","Miss Fortune","미스 포츈"
"82","Mordekaiser","모데카이저","splash/mordekaiser.jpg","icons/mordekaiser.png","https://ddragon.leagueoflegends.com/cdn/img/champion/splash/Mordekaiser_0.jpg","https://ddragon.leagueoflegends.com/cdn/16.19.1/img/champion/Mordekaiser.png","16.19.1","Mordekaiser","모데카이저"
"25","Morgana","모르가나","splash/morgana.jpg","icons/morgana.png","https://ddragon.leagueoflegends.com/cdn/img/champion/splash/Morgana_0.jpg","https://ddragon.leagueoflegends.com/cdn/16.19.1/img/champion/Morgana.png","16.19.1","Morgana","모르가나"
"950","Naafiri","나피리","splash/naafiri.jpg","icons/naafiri.png","https://ddragon.leagueoflegends.com/cdn/img/champion/splash/Naafiri_0.jpg","https://ddragon.leagueoflegends.com/cdn/16.19.1/img/champion/Naafiri.png","16.19.1","Naafiri","나피리"
"267","Nami","나미","splash/nami.jpg","icons/nami.png","https://ddragon.leagueoflegends.com/cdn/img/champion/splash/Nami_0.jpg","https://ddragon.leagueoflegends.com/cdn/16.19.1/img/champion/Nami.png","16.19.1","Nami","나미"
"75","Nasus","나서스","splash/nasus.jpg","icons/nasus.png","https://ddragon.leagueoflegends.com/cdn/img/champion/splash/Nasus_0.jpg","https://ddragon.leagueoflegends.com/cdn/16.19.1/img/champion/Nasus.png","16.19.1","Nasus","나서스"
"111","Nautilus","노틸러스","splash/nautilus.jpg","icons/nautilus.png","https://ddragon.leagueoflegends.com/cdn/img/champion/splash/Nautilus_0.jpg","https://ddragon.leagueoflegends.com/cdn/16.19.1/img/champion/Nautilus.png","16.19.1","Nautilus","노틸러스"
"518","Neeko","니코","splash/neeko.jpg","icons/neeko.png","https://ddragon.leagueoflegends.com/cdn/img/champion/splash/Neeko_0.jpg","https://ddragon.leagueoflegends.com/cdn/16.19.1/img/champion/Neeko.png","16.19.1","Neeko","니코"
"76","Nidalee","니달리","splash/nidalee.jpg","icons/nidalee.png","https://ddragon.leagueoflegends.com/cdn/img/champion/splash/Nidalee_0.jpg","https://ddragon.leagueoflegends.com/cdn/16.19.1/img/champion/Nidalee.png","16.19.1","Nidalee","니달리"
"895","Nilah","닐라","splash/nilah.jpg","icons/nilah.png","https://ddragon.leagueoflegends.com/cdn/img/champion/splash/Nilah_0.jpg","https://ddragon.leagueoflegends.com/cdn/16.19.1/img/champion/Nilah.png","16.19.1","Nilah","닐라"
"56","Nocturne","녹턴","splash/nocturne.jpg","icons/nocturne.png","https://ddragon.leagueoflegends.com/cdn/img/champion/splash/Nocturne_0.jpg","https://ddragon.leagueoflegends.com/cdn/16.19.1/img/champion/Nocturne.png","16.19.1","Nocturne","녹턴"
"20","Nunu","누누와 윌럼프","splash/nunu.jpg","icons/nunu.png","https://ddragon.leagueoflegends.com/cdn/img/champion/splash/Nunu_0.jpg","https://ddragon.leagueoflegends.com/cdn/16.19.1/img/champion/Nunu.png","16.19.1","Nunu & Willump","누누와 윌럼프"
"2","Olaf","올라프","splash/olaf.jpg","icons/olaf.png","https://ddragon.leagueoflegends.com/cdn/img/champion/splash/Olaf_0.jpg","https://ddragon.leagueoflegends.com/cdn/16.19.1/img/champion/Olaf.png","16.19.1","Olaf","올라프"
"61","Orianna","오리아나","splash/orianna.jpg","icons/orianna.png","https://ddragon.leagueoflegends.com/cdn/img/champion/splash/Orianna_0.jpg","https://ddragon.leagueoflegends.com/cdn/16.19.1/img/champion/Orianna.png","16.19.1","Orianna","오리아나"
"516","Ornn","오른","splash/ornn.jpg","icons/ornn.png","https://ddragon.leagueoflegends.com/cdn/img/champion/splash/Ornn_0.jpg","https://ddragon.leagueoflegends.com/cdn/16.19.1/img/champion/Ornn.png","16.19.1","Ornn","오른"
"80","Pantheon","판테온","splash/pantheon.jpg","icons/pantheon.png","https://ddragon.leagueoflegends.com/cdn/img/champion/splash/Pantheon_0.jpg","https://ddragon.leagueoflegends.com/cdn/16.19.1/img/champion/Pantheon.png","16.19.1","Pantheon","판테온"
"78","Poppy","뽀삐","splash/poppy.jpg","icons/poppy.png","https://ddragon.leagueoflegends.com/cdn/img/champion/splash/Poppy_0.jpg","https://ddragon.leagueoflegends.com/cdn/16.19.1/img/champion/Poppy.png","16.19.1","Poppy","뽀삐"
"555","Pyke","파이크","splash/pyke.jpg","icons/pyke.png","https://ddragon.leagueoflegends.com/cdn/img/champion/splash/Pyke_0.jpg","https://ddragon.leagueoflegends.com/cdn/16.19.1/img/champion/Pyke.png","16.19.1","Pyke","파이크"
"246","Qiyana","키아나","splash/qiyana.jpg","icons/qiyana.png","https://ddragon.leagueoflegends.com/cdn/img/champion/splash/Qiyana_0.jpg","https://ddragon.leagueoflegends.com/cdn/16.19.1/img/champion/Qiyana.png","16.19.1","Qiyana","키아나"
"133","Quinn","퀸","splash/quinn.jpg","icons/quinn.png","https://ddragon.leagueoflegends.com/cdn/img/champion/splash/Quinn_0.jpg","https://ddragon.leagueoflegends.com/cdn/16.19.1/img/champion/Quinn.png","16.19.1","Quinn","퀸"
"497","Rakan","라칸","splash/rakan.jpg","icons/rakan.png","https://ddragon.leagueoflegends.com/cdn/img/champion/splash/Rakan_0.jpg","https://ddragon.leagueoflegends.com/cdn/16.19.1/img/champion/Rakan.png","16.19.1","Rakan","라칸"
"33","Rammus","람머스","splash/rammus.jpg","icons/rammus.png","https://ddragon.leagueoflegends.com/cdn/img/champion/splash/Rammus_0.jpg","https://ddragon.leagueoflegends.com/cdn/16.19.1/img/champion/Rammus.png","16.19.1","Rammus","람머스"
"421","RekSai","렉사이","splash/reksai.jpg","icons/reksai.png","https://ddragon.leagueoflegends.com/cdn/img/champion/splash/RekSai_0.jpg","https://ddragon.leagueoflegends.com/cdn/16.19.1/img/champion/RekSai.png","16.19.1","Rek'Sai","렉사이"
"526","Rell","렐","splash/rell.jpg","icons/rell.png","https://ddragon.leagueoflegends.com/cdn/img/champion/splash/Rell_0.jpg","https://ddragon.leagueoflegends.com/cdn/16.19.1/img/champion/Rell.png","16.19.1","Rell","렐"
"888","Renata","레나타 글라스크","splash/renata.jpg","icons/renata.png","https://ddragon.leagueoflegends.com/cdn/img/champion/splash/Renata_0.jpg","https://ddragon.leagueoflegends.com/cdn/16.19.1/img/champion/Renata.png","16.19.1","Renata Glasc","레나타 글라스크"
"58","Renekton","레넥톤","splash/renekton.jpg","icons/renekton.png","https://ddragon.leagueoflegends.com/cdn/img/champion/splash/Renekton_0.jpg","https://ddragon.leagueoflegends.com/cdn/16.19.1/img/champion/Renekton.png","16.19.1","Renekton","레넥톤"
"107","Rengar","렝가","splash/rengar.jpg","icons/rengar.png","https://ddragon.leagueoflegends.com/cdn/img/champion/splash/Rengar_0.jpg","https://ddragon.leagueoflegends.com/cdn/16.19.1/img/champion/Rengar.png","16.19.1","Rengar","렝가"
"92","Riven","리븐","splash/riven.jpg","icons/riven.png","https://ddragon.leagueoflegends.com/cdn/img/champion/splash/Riven_0.jpg","https://ddragon.leagueoflegends.com/cdn/16.19.1/img/champion/Riven.png","16.19.1","Riven","리븐"
"68","Rumble","럼블","splash/rumble.jpg","icons/rumble.png","https://ddragon.leagueoflegends.com/cdn/img/champion/splash/Rumble_0.jpg","https://ddragon.leagueoflegends.com/cdn/16.19.1/img/champion/Rumble.png","16.19.1","Rumble","럼블"
"13","Ryze","라이즈","splash/ryze.jpg","icons/ryze.png","https://ddragon.leagueoflegends.com/cdn/img/champion/splash/Ryze_0.jpg","https://ddragon.leagueoflegends.com/cdn/16.19.1/img/champion/Ryze.png","16.19.1","Ryze","라이즈"
"360","Samira","사미라","splash/samira.jpg","icons/samira.png","https://ddragon.leagueoflegends.com/cdn/img/champion/splash/Samira_0.jpg","https://ddragon.leagueoflegends.com/cdn/16.19.1/img/champion/Samira.png","16.19.1","Samira","사미라"
"113","Sejuani","세주아니","splash/sejuani.jpg","icons/sejuani.png","https://ddragon.leagueoflegends.com/cdn/img/champion/splash/Sejuani_0.jpg","https://ddragon.leagueoflegends.com/cdn/16.19.1/img/champion/Sejuani.png","16.19.1","Sejuani","세주아니"
"235","Senna","세나","splash/senna.jpg","icons/senna.png","https://ddragon.leagueoflegends.com/cdn/img/champion/splash/Senna_0.jpg","https://ddragon.leagueoflegends.com/cdn/16.19.1/img/champion/Senna.png","16.19.1","Senna","세나"
"147","Seraphine","세라핀","splash/seraphine.jpg","icons/seraphine.png","https://ddragon.leagueoflegends.com/cdn/img/champion/splash/Seraphine_0.jpg","https://ddragon.leagueoflegends.com/cdn/16.19.1/img/champion/Seraphine.png","16.19.1","Seraphine","세라핀"
"875","Sett","세트","splash/sett.jpg","icons/sett.png","https://ddragon.leagueoflegends.com/cdn/img/champion/splash/Sett_0.jpg","https://ddragon.leagueoflegends.com/cdn/16.19.1/img/champion/Sett.png","16.19.1","Sett","세트"
"35","Shaco","샤코","splash/shaco.jpg","icons/shaco.png","https://ddragon.leagueoflegends.com/cdn/img/champion/splash/Shaco_0.jpg","https://ddragon.leagueoflegends.com/cdn/16.19.1/img/champion/Shaco.png","16.19.1","Shaco","샤코"
"98","Shen","쉔","splash/shen.jpg","icons/shen.png","https://ddragon.leagueoflegends.com/cdn/img/champion/splash/Shen_0.jpg","https://ddragon.leagueoflegends.com/cdn/16.19.1/img/champion/Shen.png","16.19.1","Shen","쉔"
"102","Shyvana","쉬바나","splash/shyvana.jpg","icons/shyvana.png","https://ddragon.leagueoflegends.com/cdn/img/champion/splash/Shyvana_0.jpg","https://ddragon.leagueoflegends.com/cdn/16.19.1/img/champion/Shyvana.png","16.19.1","Shyvana","쉬바나"
"27","Singed","신지드","splash/singed.jpg","icons/singed.png","https://ddragon.leagueoflegends.com/cdn/img/champion/splash/Singed_0.jpg","https://ddragon.leagueoflegends.com/cdn/16.19.1/img/champion/Singed.png","16.19.1","Singed","신지드"
"14","Sion","사이온","splash/sion.jpg","icons/sion.png","https://ddragon.leagueoflegends.com/cdn/img/champion/splash/Sion_0.jpg","https://ddragon.leagueoflegends.com/cdn/16.19.1/img/champion/Sion.png","16.19.1","Sion","사이온"
"15","Sivir","시비르","splash/sivir.jpg","icons/sivir.png","https://ddragon.leagueoflegends.com/cdn/img/champion/splash/Sivir_0.jpg","https://ddragon.leagueoflegends.com/cdn/16.19.1/img/champion/Sivir.png","16.19.1","Sivir","시비르"
"72","Skarner","스카너","splash/skarner.jpg","icons/skarner.png","https://ddragon.leagueoflegends.com/cdn/img/champion/splash/Skarner_0.jpg","https://ddragon.leagueoflegends.com/cdn/16.19.1/img/champion/Skarner.png","16.19.1","Skarner","스카너"
"901","Smolder","스몰더","splash/smolder.jpg","icons/smolder.png","https://ddragon.leagueoflegends.com/cdn/img/champion/splash/Smolder_0.jpg","https://ddragon.leagueoflegends.com/cdn/16.19.1/img/champion/Smolder.png","16.19.1","Smolder","스몰더"
"37","Sona","소나","splash/sona.jpg","icons/sona.png","https://ddragon.leagueoflegends.com/cdn/img/champion/splash/Sona_0.jpg","https://ddragon.leagueoflegends.com/cdn/16.19.1/img/champion/Sona.png","16.19.1","Sona","소나"
"16","Soraka","소라카","splash/soraka.jpg","icons/soraka.png","https://ddragon.leagueoflegends.com/cdn/img/champion/splash/Soraka_0.jpg","https://ddragon.leagueoflegends.com/cdn/16.19.1/img/champion/Soraka.png","16.19.1","Soraka","소라카"
"50","Swain","스웨인","splash/swain.jpg","icons/swain.png","https://ddragon.leagueoflegends.com/cdn/img/champion/splash/Swain_0.jpg","https://ddragon.leagueoflegends.com/cdn/16.19.1/img/champion/Swain.png","16.19.1","Swain","스웨인"
"517","Sylas","사일러스","splash/sylas.jpg","icons/sylas.png","https://ddragon.leagueoflegends.com/cdn/img/champion/splash/Sylas_0.jpg","https://ddragon.leagueoflegends.com/cdn/16.19.1/img/champion/Sylas.png","16.19.1","Sylas","사일러스"
"134","Syndra","신드라","splash/syndra.jpg","icons/syndra.png","https://ddragon.leagueoflegends.com/cdn/img/champion/splash/Syndra_0.jpg","https://ddragon.leagueoflegends.com/cdn/16.19.1/img/champion/Syndra.png","16.19.1","Syndra","신드라"
"223","TahmKench","탐 켄치","splash/tahmkench.jpg","icons/tahmkench.png","https://ddragon.leagueoflegends.com/cdn/img/champion/splash/TahmKench_0.jpg","https://ddragon.leagueoflegends.com/cdn/16.19.1/img/champion/TahmKench.png","16.19.1","Tahm Kench","탐 켄치"
"163","Taliyah","탈리야","splash/taliyah.jpg","icons/taliyah.png","https://ddragon.leagueoflegends.com/cdn/img/champion/splash/Taliyah_0.jpg","https://ddragon.leagueoflegends.com/cdn/16.19.1/img/champion/Taliyah.png","16.19.1","Taliyah","탈리야"
"91","Talon","탈론","splash/talon.jpg","icons/talon.png","https://ddragon.leagueoflegends.com/cdn/img/champion/splash/Talon_0.jpg","https://ddragon.leagueoflegends.com/cdn/16.19.1/img/champion/Talon.png","16.19.1","Talon","탈론"
"44","Taric","타릭","splash/taric.jpg","icons/taric.png","https://ddragon.leagueoflegends.com/cdn/img/champion/splash/Taric_0.jpg","https://ddragon.leagueoflegends.com/cdn/16.19.1/img/champion/Taric.png","16.19.1","Taric","타릭"
"17","Teemo","티모","splash/teemo.jpg","icons/teemo.png","https://ddragon.leagueoflegends.com/cdn/img/champion/splash/Teemo_0.jpg","https://ddragon.leagueoflegends.com/cdn/16.19.1/img/champion/Teemo.png","16.19.1","Teemo","티모"
"412","Thresh","쓰레쉬","splash/thresh.jpg","icons/thresh.png","https://ddragon.leagueoflegends.com/cdn/img/champion/splash/Thresh_0.jpg","https://ddragon.leagueoflegends.com/cdn/16.19.1/img/champion/Thresh.png","16.19.1","Thresh","쓰레쉬"
"18","Tristana","트리스타나","splash/tristana.jpg","icons/tristana.png","https://ddragon.leagueoflegends.com/cdn/img/champion/splash/Tristana_0.jpg","https://ddragon.leagueoflegends.com/cdn/16.19.1/img/champion/Tristana.png","16.19.1","Tristana","트리스타나"
"48","Trundle","트런들","splash/trundle.jpg","icons/trundle.png","https://ddragon.leagueoflegends.com/cdn/img/champion/splash/Trundle_0.jpg","https://ddragon.leagueoflegends.com/cdn/16.19.1/img/champion/Trundle.png","16.19.1","Trundle","트런들"
"23","Tryndamere","트린다미어","splash/tryndamere.jpg","icons/tryndamere.png","https://ddragon.leagueoflegends.com/cdn/img/champion/splash/Tryndamere_0.jpg","https://ddragon.leagueoflegends.com/cdn/16.19.1/img/champion/Tryndamere.png","16.19.1","Tryndamere","트린다미어"
"4","TwistedFate","트위스티드 페이트","splash/twistedfate.jpg","icons/twistedfate.png","https://ddragon.leagueoflegends.com/cdn/img/champion/splash/TwistedFate_0.jpg","https://ddragon.leagueoflegends.com/cdn/16.19.1/img/champion/TwistedFate.png","16.19.1","Twisted Fate","트위스티드 페이트"
"29","Twitch","트위치","splash/twitch.jpg","icons/twitch.png","https://ddragon.leagueoflegends.com/cdn/img/champion/splash/Twitch_0.jpg","https://ddragon.leagueoflegends.com/cdn/16.19.1/img/champion/Twitch.png","16.19.1","Twitch","트위치"
"77","Udyr","우디르","splash/udyr.jpg","icons/udyr.png","https://ddragon.leagueoflegends.com/cdn/img/champion/splash/Udyr_0.jpg","https://ddragon.leagueoflegends.com/cdn/16.19.1/img/champion/Udyr.png","16.19.1","Udyr","우디르"
"6","Urgot","우르곳","splash/urgot.jpg","icons/urgot.png","https://ddragon.leagueoflegends.com/cdn/img/champion/splash/Urgot_0.jpg","https://ddragon.leagueoflegends.com/cdn/16.19.1/img/champion/Urgot.png","16.19.1","Urgot","우르곳"
"110","Varus","바루스","splash/varus.jpg","icons/varus.png","https://ddragon.leagueoflegends.com/cdn/img/champion/splash/Varus_0.jpg","https://ddragon.leagueoflegends.com/cdn/16.19.1/img/champion/Varus.png","16.19.1","Varus","바루스"
"67","Vayne","베인","splash/vayne.jpg","icons/vayne.png","https://ddragon.leagueoflegends.com/cdn/img/champion/splash/Vayne_0.jpg","https://ddragon.leagueoflegends.com/cdn/16.19.1/img/champion/Vayne.png","16.19.1","Vayne","베인"
"45","Veigar","베이가","splash/veigar.jpg","icons/veigar.png","https://ddragon.leagueoflegends.com/cdn/img/champion/splash/Veigar_0.jpg","https://ddragon.leagueoflegends.com/cdn/16.19.1/img/champion/Veigar.png","16.19.1","Veigar","베이가"
"161","Velkoz","벨코즈","splash/velkoz.jpg","icons/velkoz.png","https://ddragon.leagueoflegends.com/cdn/img/champion/splash/Velkoz_0.jpg","https://ddragon.leagueoflegends.com/cdn/16.19.1/img/champion/Velkoz.png","16.19.1","Vel'Koz","벨코즈"
"711","Vex","벡스","splash/vex.jpg","icons/vex.png","https://ddragon.leagueoflegends.com/cdn/img/champion/splash/Vex_0.jpg","https://ddragon.leagueoflegends.com/cdn/16.19.1/img/champion/Vex.png","16.19.1","Vex","벡스"
"254","Vi","바이","splash/vi.jpg","icons/vi.png","https://ddragon.leagueoflegends.com/cdn/img/champion/splash/Vi_0.jpg","https://ddragon.leagueoflegends.com/cdn/16.19.1/img/champion/Vi.png","16.19.1","Vi","바이"
"234","Viego","비에고","splash/viego.jpg","icons/viego.png","https://ddragon.leagueoflegends.com/cdn/img/champion/splash/Viego_0.jpg","https://ddragon.leagueoflegends.com/cdn/16.19.1/img/champion/Viego.png","16.19.1","Viego","비에고"
"112","Viktor","빅토르","splash/viktor.jpg","icons/viktor.png","https://ddragon.leagueoflegends.com/cdn/img/champion/splash/Viktor_0.jpg","https://ddragon.leagueoflegends.com/cdn/16.19.1/img/champion/Viktor.png","16.19.1","Viktor","빅토르"
"8","Vladimir","블라디미르","splash/vladimir.jpg","icons/vladimir.png","https://ddragon.leagueoflegends.com/cdn/img/champion/splash/Vladimir_0.jpg","https://ddragon.leagueoflegends.com/cdn/16.19.1/img/champion/Vladimir.png","16.19.1","Vladimir","블라디미르"
"106","Volibear","볼리베어","splash/volibear.jpg","icons/volibear.png","https://ddragon.leagueoflegends.com/cdn/img/champion/splash/Volibear_0.jpg","https://ddragon.leagueoflegends.com/cdn/16.19.1/img/champion/Volibear.png","16.19.1","Volibear","볼리베어"
"19","Warwick","워윅","splash/warwick.jpg","icons/warwick.png","https://ddragon.leagueoflegends.com/cdn/img/champion/splash/Warwick_0.jpg","https://ddragon.leagueoflegends.com/cdn/16.19.1/img/champion/Warwick.png","16.19.1","Warwick","워윅"
"62","MonkeyKing","오공","splash/monkeyking.jpg","icons/monkeyking.png","https://ddragon.leagueoflegends.com/cdn/img/champion/splash/MonkeyKing_0.jpg","https://ddragon.leagueoflegends.com/cdn/16.19.1/img/champion/MonkeyKing.png","16.19.1","Wukong","오공"
"498","Xayah","자야","splash/xayah.jpg","icons/xayah.png","https://ddragon.leagueoflegends.com/cdn/img/champion/splash/Xayah_0.jpg","https://ddragon.leagueoflegends.com/cdn/16.19.1/img/champion/Xayah.png","16.19.1","Xayah","자야"
"101","Xerath","제라스","splash/xerath.jpg","icons/xerath.png","https://ddragon.leagueoflegends.com/cdn/img/champion/splash/Xerath_0.jpg","https://ddragon.leagueoflegends.com/cdn/16.19.1/img/champion/Xerath.png","16.19.1","Xerath","제라스"
"5","XinZhao","신 짜오","splash/xinzhao.jpg","icons/xinzhao.png","https://ddragon.leagueoflegends.com/cdn/img/champion/splash/XinZhao_0.jpg","https://ddragon.leagueoflegends.com/cdn/16.19.1/img/champion/XinZhao.png","16.19.1","Xin Zhao","신 짜오"
"157","Yasuo","야스오","splash/yasuo.jpg","icons/yasuo.png","https://ddragon.leagueoflegends.com/cdn/img/champion/splash/Yasuo_0.jpg","https://ddragon.leagueoflegends.com/cdn/16.19.1/img/champion/Yasuo.png","16.19.1","Yasuo","야스오"
"777","Yone","요네","splash/yone.jpg","icons/yone.png","https://ddragon.leagueoflegends.com/cdn/img/champion/splash/Yone_0.jpg","https://ddragon.leagueoflegends.com/cdn/16.19.1/img/champion/Yone.png","16.19.1","Yone","요네"
"83","Yorick","요릭","splash/yorick.jpg","icons/yorick.png","https://ddragon.leagueoflegends.com/cdn/img/champion/splash/Yorick_0.jpg","https://ddragon.leagueoflegends.com/cdn/16.19.1/img/champion/Yorick.png","16.19.1","Yorick","요릭"
"804","Yunara","유나라","splash/yunara.jpg","icons/yunara.png","https://ddragon.leagueoflegends.com/cdn/img/champion/splash/Yunara_0.jpg","https://ddragon.leagueoflegends.com/cdn/16.19.1/img/champion/Yunara.png","16.19.1","Yunara","유나라"
"350","Yuumi","유미","splash/yuumi.jpg","icons/yuumi.png","https://ddragon.leagueoflegends.com/cdn/img/champion/splash/Yuumi_0.jpg","https://ddragon.leagueoflegends.com/cdn/16.19.1/img/champion/Yuumi.png","16.19.1","Yuumi","유미"
"904","Zaahen","자헨","splash/zaahen.jpg","icons/zaahen.png","https://ddragon.leagueoflegends.com/cdn/img/champion/splash/Zaahen_0.jpg","https://ddragon.leagueoflegends.com/cdn/16.19.1/img/champion/Zaahen.png","16.19.1","Zaahen","자헨"
"154","Zac","자크","splash/zac.jpg","icons/zac.png","https://ddragon.leagueoflegends.com/cdn/img/champion/splash/Zac_0.jpg","https://ddragon.leagueoflegends.com/cdn/16.19.1/img/champion/Zac.png","16.19.1","Zac","자크"
"238","Zed","제드","splash/zed.jpg","icons/zed.png","https://ddragon.leagueoflegends.com/cdn/img/champion/splash/Zed_0.jpg","https://ddragon.leagueoflegends.com/cdn/16.19.1/img/champion/Zed.png","16.19.1","Zed","제드"
"221","Zeri","제리","splash/zeri.jpg","icons/zeri.png","https://ddragon.leagueoflegends.com/cdn/img/champion/splash/Zeri_0.jpg","https://ddragon.leagueoflegends.com/cdn/16.19.1/img/champion/Zeri.png","16.19.1","Zeri","제리"
"115","Ziggs","직스","splash/ziggs.jpg","icons/ziggs.png","https://ddragon.leagueoflegends.com/cdn/img/champion/splash/Ziggs_0.jpg","https://ddragon.leagueoflegends.com/cdn/16.19.1/img/champion/Ziggs.png","16.19.1","Ziggs","직스"
"26","Zilean","질리언","splash/zilean.jpg","icons/zilean.png","https://ddragon.leagueoflegends.com/cdn/img/champion/splash/Zilean_0.jpg","https://ddragon.leagueoflegends.com/cdn/16.19.1/img/champion/Zilean.png","16.19.1","Zilean","질리언"
"142","Zoe","조이","splash/zoe.jpg","icons/zoe.png","https://ddragon.leagueoflegends.com/cdn/img/champion/splash/Zoe_0.jpg","https://ddragon.leagueoflegends.com/cdn/16.19.1/img/champion/Zoe.png","16.19.1","Zoe","조이"
"143","Zyra","자이라","splash/zyra.jpg","icons/zyra.png","https://ddragon.leagueoflegends.com/cdn/img/champion/splash/Zyra_0.jpg","https://ddragon.leagueoflegends.com/cdn/16.19.1/img/champion/Zyra.png","16.19.1","Zyra","자이라"
"bravery","Bravery","용기",,"icons/bravery.png",,"https://raw.communitydragon.org/latest/plugins/rcp-fe-lol-champ-select/global/default/images/champion-grid/bravery-champion.png","16.19.1","Bravery","용기"
