"id","apiName","name","rarity","icon","iconUrl","nameEn","nameKo","wikiName","wikiSource","removed"
"1","AcceleratingSorcery","마법 가속","2","icons/1-acceleratingsorcery.png","https://raw.communitydragon.org/latest/game/assets/ux/cherry/augments/icons/acceleratingsorcery_large.png","Accelerating Sorcery","마법 가속","Accelerating Sorcery","https://wiki.leagueoflegends.com/en-us/Arena/Augments","False"
"2","ApexInventor","최첨단 발명가","1","icons/2-apexinventor.png","https://raw.communitydragon.org/latest/game/assets/ux/cherry/augments/icons/apexinventor_large.png","Apex Inventor","최첨단 발명가","Apex Inventor","https://wiki.leagueoflegends.com/en-us/Arena/Augments","False"
"3","NullAugment","증강 없음","0","icons/3-nullaugment.png","https://raw.communitydragon.org/latest/game/assets/ux/cherry/augments/icons/canttouchthis_large.png","Null Augment","증강 없음","Null","https://wiki.leagueoflegends.com/en-us/Arena/Augments","False"
"4","BacktoBasics","기본으로 돌아가기","2","icons/4-backtobasics.png","https://raw.communitydragon.org/latest/game/assets/ux/cherry/augments/icons/backtobasics_large.png","Back To Basics","기본으로 돌아가기","Back to Basics","https://wiki.leagueoflegends.com/en-us/Arena/Augments","False"
"5","BannerofCommand","지휘관의 깃발","1","icons/5-bannerofcommand.png","https://raw.communitydragon.org/latest/game/assets/ux/cherry/augments/icons/bannerofcommand_large.png","Banner of Command","지휘관의 깃발","Banner of Command","https://wiki.leagueoflegends.com/en-us/Arena/Augments","False"
"6","BladeWaltz","검무","2","icons/6-bladewaltz.png","https://raw.communitydragon.org/latest/game/assets/ux/cherry/augments/icons/bladewaltz_large.png","Blade Waltz","검무","Blade Waltz","https://wiki.leagueoflegends.com/en-us/Arena/Augments","False"
"7","BluntForce","육중한 힘","0","icons/7-bluntforce.png","https://raw.communitydragon.org/latest/game/assets/ux/cherry/augments/icons/bluntforce_large.png","Blunt Force","육중한 힘","Blunt Force","https://wiki.leagueoflegends.com/en-us/Arena/Augments","False"
"9","BuffBuddies","쌍버프","0","icons/9-buffbuddies.png","https://raw.communitydragon.org/latest/game/assets/ux/cherry/augments/icons/buffbuddies_large.png","Buff Buddies","쌍버프","Buff Buddies","https://wiki.leagueoflegends.com/en-us/Arena/Augments","False"
"10","CannonFodder","포탄","0","icons/10-cannonfodder.png","https://raw.communitydragon.org/latest/game/assets/ux/cherry/augments/icons/cannonfodder_large.png","Cannon Fodder","포탄","Cannon Fodder","https://wiki.leagueoflegends.com/en-us/Arena/Augments","False"
"11","CantTouchThis","난공불락","2","icons/11-canttouchthis.png","https://raw.communitydragon.org/latest/game/assets/ux/cherry/augments/icons/canttouchthis_large.png","Can't Touch This","난공불락","Can't Touch This","https://wiki.leagueoflegends.com/en-us/Arena/Augments","False"
"12","Castle","위치 변경","0","icons/12-castle.png","https://raw.communitydragon.org/latest/game/assets/ux/cherry/augments/icons/castle_large.png","Castle","위치 변경","Castle","https://wiki.leagueoflegends.com/en-us/Arena/Augments","False"
"13","CelestialBody","천상의 신체","1","icons/13-celestialbody.png","https://raw.communitydragon.org/latest/game/assets/ux/cherry/augments/icons/celestialbody_large.png","Celestial Body","천상의 신체","Celestial Body","https://wiki.leagueoflegends.com/en-us/Arena/Augments","False"
"14","Chauffeur","운전기사","2","icons/14-chauffeur.png","https://raw.communitydragon.org/latest/game/assets/ux/cherry/augments/icons/chauffeur_large.png","Chauffeur","운전기사","Chauffeur","https://wiki.leagueoflegends.com/en-us/Arena/Augments","False"
"15","CircleofDeath","죽음의 순환","2","icons/15-circleofdeath.png","https://raw.communitydragon.org/latest/game/assets/ux/cherry/augments/icons/circleofdeath_large.png","Circle of Death","죽음의 순환","Circle of Death","https://wiki.leagueoflegends.com/en-us/Arena/Augments","False"
"16","ComboMaster","연계의 대가","1","icons/16-combomaster.png","https://raw.communitydragon.org/latest/game/assets/ux/cherry/augments/icons/combomaster_large.png","Combo Master","연계의 대가","Combo Master","https://wiki.leagueoflegends.com/en-us/Arena/Augments","False"
"17","ContractKiller","청부 살인마","0","icons/17-contractkiller.png","https://raw.communitydragon.org/latest/game/assets/ux/cherry/augments/icons/contractkiller_large.png","Contract Killer","청부 살인마","Contract Killer","https://wiki.leagueoflegends.com/en-us/Arena/Augments","False"
"18","CourageoftheColossus","거석상의 용기","2","icons/18-courageofthecolossus.png","https://raw.communitydragon.org/latest/game/assets/ux/cherry/augments/icons/courageofthecolossus_large.png","Courage of the Colossus","거석상의 용기","Courage of the Colossus","https://wiki.leagueoflegends.com/en-us/Arena/Augments","False"
"19","Dashing","돌진","2","icons/19-dashing.png","https://raw.communitydragon.org/latest/game/assets/ux/cherry/augments/icons/dashing_large.png","Dashing","돌진","Dashing","https://wiki.leagueoflegends.com/en-us/Arena/Augments","False"
"20","DawnbringersResolve","빛의 인도자 결의","1","icons/20-dawnbringersresolve.png","https://raw.communitydragon.org/latest/game/assets/ux/cherry/augments/icons/dawnbringersresolve_large.png","Dawnbringer's Resolve","빛의 인도자 결의","Dawnbringer's Resolve","https://wiki.leagueoflegends.com/en-us/Arena/Augments","False"
"21","DefensiveManeuvers","방어 기동","1","icons/21-defensivemaneuvers.png","https://raw.communitydragon.org/latest/game/assets/ux/cherry/augments/icons/defensivemaneuvers_large.png","Defensive Maneuvers","방어 기동","Defensive Maneuvers","https://wiki.leagueoflegends.com/en-us/Arena/Augments","False"
"22","Deft","능수능란","0","icons/22-deft.png","https://raw.communitydragon.org/latest/game/assets/ux/cherry/augments/icons/deft_large.png","Deft","능수능란","Deft","https://wiki.leagueoflegends.com/en-us/Arena/Augments","False"
"23","DemonsDance","악마의 춤","1","icons/23-demonsdance.png","https://raw.communitydragon.org/latest/game/assets/ux/cherry/augments/icons/demonsdance_large.png","Demon's Dance","악마의 춤","Demon's Dance","https://wiki.leagueoflegends.com/en-us/Arena/Augments","False"
"24","DieAnotherDay","불사의 날","1","icons/24-dieanotherday.png","https://raw.communitydragon.org/latest/game/assets/ux/cherry/augments/icons/dieanotherday_large.png","Die Another Day","불사의 날","Die Another Day","https://wiki.leagueoflegends.com/en-us/Arena/Augments","False"
"25","DiveBomber","폭격기","0","icons/25-divebomber.png","https://raw.communitydragon.org/latest/game/assets/ux/cherry/augments/icons/divebomber_large.png","Dive Bomber","폭격기","Dive Bomber","https://wiki.leagueoflegends.com/en-us/Arena/Augments","False"
"26","DontBlink","속전속결","0","icons/26-dontblink.png","https://raw.communitydragon.org/latest/game/assets/ux/cherry/augments/icons/dontblink_large.png","Don't Blink","속전속결","Don't Blink","https://wiki.leagueoflegends.com/en-us/Arena/Augments","False"
"27","Earthwake","대지의 각성","2","icons/27-earthwake.png","https://raw.communitydragon.org/latest/game/assets/ux/cherry/augments/icons/earthwake_large.png","Earthwake","대지의 각성","Earthwake","https://wiki.leagueoflegends.com/en-us/Arena/Augments","False"
"28","Erosion","부식","0","icons/28-erosion.png","https://raw.communitydragon.org/latest/game/assets/ux/cherry/augments/icons/erosion_large.png","Erosion","부식","Erosion","https://wiki.leagueoflegends.com/en-us/Arena/Augments","False"
"29","EtherealWeapon","환영 무기","1","icons/29-etherealweapon.png","https://raw.communitydragon.org/latest/game/assets/ux/cherry/augments/icons/etherealweapon_large.png","Ethereal Weapon","환영 무기","Ethereal Weapon","https://wiki.leagueoflegends.com/en-us/Arena/Augments","False"
"30","Eureka","유레카","2","icons/30-eureka.png","https://raw.communitydragon.org/latest/game/assets/ux/cherry/augments/icons/eureka_large.png","Eureka","유레카","Eureka","https://wiki.leagueoflegends.com/en-us/Arena/Augments","False"
"32","Executioner","처형자","0","icons/32-executioner.png","https://raw.communitydragon.org/latest/game/assets/ux/cherry/augments/icons/executioner_large.png","Executioner","처형자","Executioner","https://wiki.leagueoflegends.com/en-us/Arena/Augments","False"
"33","ExtendoArm","늘어나는 팔","1","icons/33-extendoarm.png","https://raw.communitydragon.org/latest/game/assets/ux/cherry/augments/icons/extendoarm_large.png","Extendo-Arm","늘어나는 팔","Extendo-Arm","https://wiki.leagueoflegends.com/en-us/Arena/Augments","False"
"34","FallenAegis","부패한 방패","0","icons/34-fallenaegis.png","https://raw.communitydragon.org/latest/game/assets/ux/cherry/augments/icons/fallenaegis_large.png","Fallen Aegis","부패한 방패","Fallen Aegis","https://wiki.leagueoflegends.com/en-us/Arena/Augments","False"
"35","FeeltheBurn","저주의 화염","2","icons/35-feeltheburn.png","https://raw.communitydragon.org/latest/game/assets/ux/cherry/augments/icons/feeltheburn_large.png","Feel the Burn","저주의 화염","Feel the Burn","https://wiki.leagueoflegends.com/en-us/Arena/Augments","False"
"36","Firebrand","화염 낙인","1","icons/36-firebrand.png","https://raw.communitydragon.org/latest/game/assets/ux/cherry/augments/icons/firebrand_large.png","Firebrand","화염 낙인","Firebrand","https://wiki.leagueoflegends.com/en-us/Arena/Augments","False"
"37","FirstAidKit","응급처치 키트","0","icons/37-firstaidkit.png","https://raw.communitydragon.org/latest/game/assets/ux/cherry/augments/icons/firstaidkit_large.png","First-Aid Kit","응급처치 키트","First-Aid Kit","https://wiki.leagueoflegends.com/en-us/Arena/Augments","False"
"38","FromBeginningToEnd","시작부터 끝까지","1","icons/38-frombeginningtoend.png","https://raw.communitydragon.org/latest/game/assets/ux/cherry/augments/icons/frombeginningtoend_large.png","From Beginning to End","시작부터 끝까지","From Beginning to End","https://wiki.leagueoflegends.com/en-us/Arena/Augments","False"
"39","FrostWraith","서리 망령","0","icons/39-frostwraith.png","https://raw.communitydragon.org/latest/game/assets/ux/cherry/augments/icons/frostwraith_large.png","Frost Wraith","서리 망령","Frost Wraith","https://wiki.leagueoflegends.com/en-us/Arena/Augments","False"
"41","Goliath","거인","2","icons/41-goliath.png","https://raw.communitydragon.org/latest/game/assets/ux/cherry/augments/icons/goliath_large.png","Goliath","거인","Goliath","https://wiki.leagueoflegends.com/en-us/Arena/Augments","False"
"42","GuiltyPleasure","죄책감의 쾌락","0","icons/42-guiltypleasure.png","https://raw.communitydragon.org/latest/game/assets/ux/cherry/augments/icons/guiltypleasure_large.png","Guilty Pleasure","죄책감의 쾌락","Guilty Pleasure","https://wiki.leagueoflegends.com/en-us/Arena/Augments","False"
"43","NowYouSeeMe","불의의 습격","0","icons/43-nowyouseeme.png","https://raw.communitydragon.org/latest/game/assets/ux/cherry/augments/icons/nowyouseeme_large.png","Now You See Me","불의의 습격","Now You See Me","https://wiki.leagueoflegends.com/en-us/Arena/Augments","False"
"44","IceCold","차가운 냉기","0","icons/44-icecold.png","https://raw.communitydragon.org/latest/game/assets/ux/cherry/augments/icons/icecold_large.png","Ice Cold","차가운 냉기","Ice Cold","https://wiki.leagueoflegends.com/en-us/Arena/Augments","False"
"45","InfernalConduit","지옥의 전도체","2","icons/45-infernalconduit.png","https://raw.communitydragon.org/latest/game/assets/ux/cherry/augments/icons/infernalconduit_large.png","Infernal Conduit","지옥의 전도체","Infernal Conduit","https://wiki.leagueoflegends.com/en-us/Arena/Augments","False"
"46","InfernalSoul","지옥불 영혼","0","icons/46-infernalsoul.png","https://raw.communitydragon.org/latest/game/assets/ux/cherry/augments/icons/infernalsoul_large.png","Infernal Soul","지옥불 영혼","Infernal Soul","https://wiki.leagueoflegends.com/en-us/Arena/Augments","False"
"47","ItsCritical","치명적인 공격","1","icons/47-itscritical.png","https://raw.communitydragon.org/latest/game/assets/ux/cherry/augments/icons/itscritical_large.png","It's Critical","치명적인 공격","It's Critical","https://wiki.leagueoflegends.com/en-us/Arena/Augments","False"
"48","JeweledGauntlet","보석 건틀릿","2","icons/48-jeweledgauntlet.png","https://raw.communitydragon.org/latest/game/assets/ux/cherry/augments/icons/jeweledgauntlet_large.png","Jeweled Gauntlet","보석 건틀릿","Jeweled Gauntlet","https://wiki.leagueoflegends.com/en-us/Arena/Augments","False"
"49","JuiceBox","주스 팩","0","icons/49-juicebox.png","https://raw.communitydragon.org/latest/game/assets/ux/cherry/augments/icons/juicebox_large.png","Juice Box","주스 팩","Juice Box","https://wiki.leagueoflegends.com/en-us/Arena/Augments","False"
"50","KeystoneConjurer","핵심 룬 요술사","1","icons/50-keystoneconjurer.png","https://raw.communitydragon.org/latest/game/assets/ux/cherry/augments/icons/keystoneconjurer_large.png","Keystone Conjurer","핵심 룬 요술사","Keystone Conjurer","https://wiki.leagueoflegends.com/en-us/Arena/Augments","False"
"51","LightemUp","불을 밝혀","0","icons/51-lightemup.png","https://raw.communitydragon.org/latest/game/assets/ux/cherry/augments/icons/lightemup_large.png","Light 'em Up!","불을 밝혀","Light 'em Up!","https://wiki.leagueoflegends.com/en-us/Arena/Augments","False"
"52","LightningStrikes","벼락","1","icons/52-lightningstrikes.png","https://raw.communitydragon.org/latest/game/assets/ux/cherry/augments/icons/lightningstrikes_large.png","Lightning Strikes","벼락","Lightning Strikes","https://wiki.leagueoflegends.com/en-us/Arena/Augments","False"
"53","MadScientist","미친 과학자","2","icons/53-madscientist.png","https://raw.communitydragon.org/latest/game/assets/ux/cherry/augments/icons/madscientist_large.png","Mad Scientist","미친 과학자","Mad Scientist","https://wiki.leagueoflegends.com/en-us/Arena/Augments","False"
"54","MasterofDuality","결투의 대가","2","icons/54-masterofduality.png","https://raw.communitydragon.org/latest/game/assets/ux/cherry/augments/icons/masterofduality_large.png","Master of Duality","결투의 대가","Master of Duality","https://wiki.leagueoflegends.com/en-us/Arena/Augments","False"
"56","MindtoMatter","정신 변환","0","icons/56-mindtomatter.png","https://raw.communitydragon.org/latest/game/assets/ux/cherry/augments/icons/mindtomatter_large.png","Mind to Matter","정신 변환","Mind to Matter","https://wiki.leagueoflegends.com/en-us/Arena/Augments","False"
"57","MountainSoul","대지의 영혼","0","icons/57-mountainsoul.png","https://raw.communitydragon.org/latest/game/assets/ux/cherry/augments/icons/mountainsoul_large.png","Mountain Soul","대지의 영혼","Mountain Soul","https://wiki.leagueoflegends.com/en-us/Arena/Augments","False"
"58","MysticPunch","신비한 주먹","2","icons/58-mysticpunch.png","https://raw.communitydragon.org/latest/game/assets/ux/cherry/augments/icons/mysticpunch_large.png","Mystic Punch","신비한 주먹","Mystic Punch","https://wiki.leagueoflegends.com/en-us/Arena/Augments","False"
"60","OceanSoul","바다의 영혼","0","icons/60-oceansoul.png","https://raw.communitydragon.org/latest/game/assets/ux/cherry/augments/icons/oceansoul_large.png","Ocean Soul","바다의 영혼","Ocean Soul","https://wiki.leagueoflegends.com/en-us/Arena/Augments","False"
"61","OkBoomerang","부메랑 투척","1","icons/61-okboomerang.png","https://raw.communitydragon.org/latest/game/assets/ux/cherry/augments/icons/okboomerang_large.png","OK Boomerang","부메랑 투척","OK Boomerang","https://wiki.leagueoflegends.com/en-us/Arena/Augments","False"
"62","OmniSoul","전능의 영혼","2","icons/62-omnisoul.png","https://raw.communitydragon.org/latest/game/assets/ux/cherry/augments/icons/omnisoul_large.png","Omni Soul","전능의 영혼","Omni Soul","https://wiki.leagueoflegends.com/en-us/Arena/Augments","False"
"63","OutlawsGrit","무법자의 투지","1","icons/63-outlawsgrit.png","https://raw.communitydragon.org/latest/game/assets/ux/cherry/augments/icons/outlawsgrit_large.png","Outlaw's Grit","무법자의 투지","Outlaw's Grit","https://wiki.leagueoflegends.com/en-us/Arena/Augments","False"
"64","Perseverance","인내심","1","icons/64-perseverance.png","https://raw.communitydragon.org/latest/game/assets/ux/cherry/augments/icons/perseverance_large.png","Perseverance","인내심","Perseverance","https://wiki.leagueoflegends.com/en-us/Arena/Augments","False"
"65","PhenomenalEvil","극악무도","1","icons/65-phenomenalevil.png","https://raw.communitydragon.org/latest/game/assets/ux/cherry/augments/icons/phenomenalevil_large.png","Phenomenal Evil","극악무도","Phenomenal Evil","https://wiki.leagueoflegends.com/en-us/Arena/Augments","False"
"66","QuantumComputing","양자 연산","2","icons/66-quantumcomputing.png","https://raw.communitydragon.org/latest/game/assets/ux/cherry/augments/icons/quantumcomputing_large.png","Quantum Computing","양자 연산","Quantum Computing","https://wiki.leagueoflegends.com/en-us/Arena/Augments","False"
"67","RabbleRousing","선동","1","icons/67-rabblerousing.png","https://raw.communitydragon.org/latest/game/assets/ux/cherry/augments/icons/rabblerousing_large.png","Rabble Rousing","선동","Rabble Rousing","https://wiki.leagueoflegends.com/en-us/Arena/Augments","False"
"68","Recursion","되풀이","1","icons/68-recursion.png","https://raw.communitydragon.org/latest/game/assets/ux/cherry/augments/icons/recursion_large.png","Recursion","되풀이","Recursion","https://wiki.leagueoflegends.com/en-us/Arena/Augments","False"
"69","Repulsor","반발","0","icons/69-repulsor.png","https://raw.communitydragon.org/latest/game/assets/ux/cherry/augments/icons/repulsor_large.png","Repulsor","반발","Repulsor","https://wiki.leagueoflegends.com/en-us/Arena/Augments","False"
"70","RestlessRestoration","끊임없는 회복","1","icons/70-restlessrestoration.png","https://raw.communitydragon.org/latest/game/assets/ux/cherry/augments/icons/restlessrestoration_large.png","Restless Restoration","끊임없는 회복","Restless Restoration","https://wiki.leagueoflegends.com/en-us/Arena/Augments","False"
"72","SearingDawn","타오르는 새벽","1","icons/72-searingdawn.png","https://raw.communitydragon.org/latest/game/assets/ux/cherry/augments/icons/searingdawn_large.png","Searing Dawn","타오르는 새벽","Searing Dawn","https://wiki.leagueoflegends.com/en-us/Arena/Augments","False"
"73","ShadowRunner","그림자 질주","0","icons/73-shadowrunner.png","https://raw.communitydragon.org/latest/game/assets/ux/cherry/augments/icons/shadowrunner_large.png","Shadow Runner","그림자 질주","Shadow Runner","https://wiki.leagueoflegends.com/en-us/Arena/Augments","False"
"74","ShrinkRay","감쇠 광선","1","icons/74-shrinkray.png","https://raw.communitydragon.org/latest/game/assets/ux/cherry/augments/icons/shrinkray_large.png","Shrink Ray","감쇠 광선","Shrink Ray","https://wiki.leagueoflegends.com/en-us/Arena/Augments","False"
"75","SlowCooker","찜솥","2","icons/75-slowcooker.png","https://raw.communitydragon.org/latest/game/assets/ux/cherry/augments/icons/slowcooker_large.png","Slow Cooker","찜솥","Slow Cooker","https://wiki.leagueoflegends.com/en-us/Arena/Augments","False"
"76","SonicBoom","음속 폭발","0","icons/76-sonicboom.png","https://raw.communitydragon.org/latest/game/assets/ux/cherry/augments/icons/sonicboom_large.png","Sonic Boom","음속 폭발","Sonic Boom","https://wiki.leagueoflegends.com/en-us/Arena/Augments","False"
"77","SoulSiphon","영혼 흡수","1","icons/77-soulsiphon.png","https://raw.communitydragon.org/latest/game/assets/ux/cherry/augments/icons/soulsiphon_large.png","Soul Siphon","영혼 흡수","Soul Siphon","https://wiki.leagueoflegends.com/en-us/Arena/Augments","False"
"78","SpiritLink","정신 결속","2","icons/78-spiritlink.png","https://raw.communitydragon.org/latest/game/assets/ux/cherry/augments/icons/spiritlink_large.png","Spirit Link","정신 결속","Spirit Link","https://wiki.leagueoflegends.com/en-us/Arena/Augments","False"
"79","SymphonyofWar","전장의 교향곡","2","icons/79-symphonyofwar.png","https://raw.communitydragon.org/latest/game/assets/ux/cherry/augments/icons/symphonyofwar_large.png","Symphony of War","전장의 교향곡","Symphony of War","https://wiki.leagueoflegends.com/en-us/Arena/Augments","False"
"80","TankItOrLeaveIt","확률적 방어","0","icons/80-tankitorleaveit.png","https://raw.communitydragon.org/latest/game/assets/ux/cherry/augments/icons/tankitorleaveit_large.png","Tank It Or Leave It","확률적 방어","Tank It Or Leave It","https://wiki.leagueoflegends.com/en-us/Arena/Augments","False"
"81","TapDancer","탭 댄서","2","icons/81-tapdancer.png","https://raw.communitydragon.org/latest/game/assets/ux/cherry/augments/icons/tapdancer_large.png","Tap Dancer","탭 댄서","Tap Dancer","https://wiki.leagueoflegends.com/en-us/Arena/Augments","False"
"82","TheBrutalizer","야수화","0","icons/82-thebrutalizer.png","https://raw.communitydragon.org/latest/game/assets/ux/cherry/augments/icons/thebrutalizer_large.png","The Brutalizer","야수화","The Brutalizer","https://wiki.leagueoflegends.com/en-us/Arena/Augments","False"
"84","ThreadtheNeedle","바늘에 실 끼우기","1","icons/84-threadtheneedle.png","https://raw.communitydragon.org/latest/game/assets/ux/cherry/augments/icons/threadtheneedle_large.png","Thread the Needle","바늘에 실 끼우기","Thread the Needle","https://wiki.leagueoflegends.com/en-us/Arena/Augments","False"
"85","Tormentor","고문자","0","icons/85-tormentor.png","https://raw.communitydragon.org/latest/game/assets/ux/cherry/augments/icons/tormentor_large.png","Tormentor","고문자","Tormentor","https://wiki.leagueoflegends.com/en-us/Arena/Augments","False"
"86","TrueshotProdigy","정조준 일격 신동","2","icons/86-trueshotprodigy.png","https://raw.communitydragon.org/latest/game/assets/ux/cherry/augments/icons/trueshotprodigy_large.png","Trueshot Prodigy","정조준 일격 신동","Trueshot Prodigy","https://wiki.leagueoflegends.com/en-us/Arena/Augments","False"
"87","Typhoon","태풍","0","icons/87-typhoon.png","https://raw.communitydragon.org/latest/game/assets/ux/cherry/augments/icons/typhoon_large.png","Typhoon","태풍","Typhoon","https://wiki.leagueoflegends.com/en-us/Arena/Augments","False"
"88","UltimateRevolution","궁극기 대변혁","2","icons/88-ultimaterevolution.png","https://raw.communitydragon.org/latest/game/assets/ux/cherry/augments/icons/ultimaterevolution_large.png","Ultimate Revolution","궁극기 대변혁","Ultimate Revolution","https://wiki.leagueoflegends.com/en-us/Arena/Augments","False"
"89","Vanish","소멸","1","icons/89-vanish.png","https://raw.communitydragon.org/latest/game/assets/ux/cherry/augments/icons/vanish_large.png","Vanish","소멸","Vanish","https://wiki.leagueoflegends.com/en-us/Arena/Augments","False"
"90","Vengeance","복수","1","icons/90-vengeance.png","https://raw.communitydragon.org/latest/game/assets/ux/cherry/augments/icons/vengeance_large.png","Vengeance","복수","Vengeance","https://wiki.leagueoflegends.com/en-us/Arena/Augments","False"
"92","Vulnerability","취약","1","icons/92-vulnerability.png","https://raw.communitydragon.org/latest/game/assets/ux/cherry/augments/icons/vulnerability_large.png","Vulnerability","취약","Vulnerability","https://wiki.leagueoflegends.com/en-us/Arena/Augments","False"
"93","WarmupRoutine","준비 운동","0","icons/93-warmuproutine.png","https://raw.communitydragon.org/latest/game/assets/ux/cherry/augments/icons/warmuproutine_large.png","Warmup Routine","준비 운동","Warmup Routine","https://wiki.leagueoflegends.com/en-us/Arena/Augments","False"
"94","WillingSacrifice","희생의 의지","1","icons/94-willingsacrifice.png","https://raw.communitydragon.org/latest/game/assets/ux/cherry/augments/icons/willingsacrifice_large.png","Willing Sacrifice","희생의 의지","Willing Sacrifice","https://wiki.leagueoflegends.com/en-us/Arena/Augments","False"
"96","WisdomofAges","세월의 지혜","2","icons/96-wisdomofages.png","https://raw.communitydragon.org/latest/game/assets/ux/cherry/augments/icons/wisdomofages_large.png","Wisdom of Ages","세월의 지혜","Wisdom of Ages","https://wiki.leagueoflegends.com/en-us/Arena/Augments","False"
"97","WitchfulThinking","사악한 정신","0","icons/97-witchfulthinking.png","https://raw.communitydragon.org/latest/game/assets/ux/cherry/augments/icons/witchfulthinking_large.png","Witchful Thinking","사악한 정신","Witchful Thinking","https://wiki.leagueoflegends.com/en-us/Arena/Augments","False"
"98","WithHaste","속행","1","icons/98-withhaste.png","https://raw.communitydragon.org/latest/game/assets/ux/cherry/augments/icons/withhaste_large.png","With Haste","속행","With Haste","https://wiki.leagueoflegends.com/en-us/Arena/Augments","False"
"102","DontChase","따라올 테면 따라와 봐","0","icons/102-dontchase.png","https://raw.communitydragon.org/latest/game/assets/ux/cherry/augments/icons/dontchase_large.png","Don't Chase","따라올 테면 따라와 봐","Don't Chase","https://wiki.leagueoflegends.com/en-us/Arena/Augments","False"
"103","BreadAndButter","빵과 버터","1","icons/103-breadandbutter.png","https://raw.communitydragon.org/latest/game/assets/ux/cherry/augments/icons/breadandbutter_large.png","Bread And Butter","빵과 버터","Bread And Butter","https://wiki.leagueoflegends.com/en-us/Arena/Augments","False"
"104","Minionmancer","소환술사","1","icons/104-minionmancer.png","https://raw.communitydragon.org/latest/game/assets/ux/cherry/augments/icons/minionmancer_large.png","Minionmancer","소환술사","Minionmancer","https://wiki.leagueoflegends.com/en-us/Arena/Augments","False"
"105","Homeguard","민병대","0","icons/105-homeguard.png","https://raw.communitydragon.org/latest/game/assets/ux/cherry/augments/icons/homeguard_large.png","Homeguard","민병대","Homeguard","https://wiki.leagueoflegends.com/en-us/Arena/Augments","False"
"107","TwiceThrice","두 배 세 배","1","icons/107-twicethrice.png","https://raw.communitydragon.org/latest/game/assets/ux/cherry/augments/icons/twicethrice_large.png","Twice Thrice","두 배 세 배","Twice Thrice","https://wiki.leagueoflegends.com/en-us/Arena/Augments","False"
"108","SelfDestruct","자폭","0","icons/108-selfdestruct.png","https://raw.communitydragon.org/latest/game/assets/ux/cherry/augments/icons/selfdestruct_large.png","Self Destruct","자폭","Self Destruct","https://wiki.leagueoflegends.com/en-us/Arena/Augments","False"
"109","Oathsworn","계약","1","icons/109-oathsworn.png","https://raw.communitydragon.org/latest/game/assets/ux/cherry/augments/icons/oathsworn_large.png","Oathsworn","계약","Oathsworn","https://wiki.leagueoflegends.com/en-us/Arena/Augments","False"
"110","Clothesline","빨랫줄","0","icons/110-clothesline.png","https://raw.communitydragon.org/latest/game/assets/ux/cherry/augments/icons/clothesline_large.png","Clothesline","빨랫줄","Clothesline","https://wiki.leagueoflegends.com/en-us/Arena/Augments","False"
"112","UltimateUnstoppable","궁극의 저지 불가","0","icons/112-ultimateunstoppable.png","https://raw.communitydragon.org/latest/game/assets/ux/cherry/augments/icons/ultimateunstoppable_large.png","Ultimate Unstoppable","궁극의 저지 불가","Ultimate Unstoppable","https://wiki.leagueoflegends.com/en-us/Arena/Augments","False"
"113","SkilledSniper","노련한 저격수","1","icons/113-skilledsniper.png","https://raw.communitydragon.org/latest/game/assets/ux/cherry/augments/icons/skilledsniper_large.png","Skilled Sniper","노련한 저격수","Skilled Sniper","https://wiki.leagueoflegends.com/en-us/Arena/Augments","False"
"115","ScopiestWeapons","최상급 조준경 부착","2","icons/115-scopiestweapons.png","https://raw.communitydragon.org/latest/game/assets/ux/cherry/augments/icons/scopiestweapons_large.png","Scopiest Weapons","최상급 조준경 부착","Scopiest Weapons","https://wiki.leagueoflegends.com/en-us/Arena/Augments","False"
"116","Flashy","점멸 난사","1","icons/116-flashy.png","https://raw.communitydragon.org/latest/game/assets/ux/cherry/augments/icons/flashy_large.png","Flashy","점멸 난사","Flashy","https://wiki.leagueoflegends.com/en-us/Arena/Augments","False"
"118","CriticalHealing","치명적 치유","1","icons/118-criticalhealing.png","https://raw.communitydragon.org/latest/game/assets/ux/cherry/augments/icons/criticalhealing_large.png","Critical Healing","치명적 치유","Critical Healing","https://wiki.leagueoflegends.com/en-us/Arena/Augments","False"
"120","ServeBeyondDeath","기사회생","0","icons/120-servebeyonddeath.png","https://raw.communitydragon.org/latest/game/assets/ux/cherry/augments/icons/servebeyonddeath_large.png","Serve Beyond Death","기사회생","Serve Beyond Death","https://wiki.leagueoflegends.com/en-us/Arena/Augments","False"
"123","SummonersRoulette","소환사의 룰렛","2","icons/123-summonersroulette.png","https://raw.communitydragon.org/latest/game/assets/ux/cherry/augments/icons/summonersroulette_large.png","Summoner's Roulette","소환사의 룰렛","Summoner's Roulette","https://wiki.leagueoflegends.com/en-us/Arena/Augments","False"
"125","RaidBoss","끝판왕","2","icons/125-raidboss.png","https://raw.communitydragon.org/latest/game/assets/ux/cherry/augments/icons/raidboss_large.png","Raid Boss","끝판왕","Raid Boss","https://wiki.leagueoflegends.com/en-us/Arena/Augments","False"
"129","Marksmage","마법 명사수","1","icons/129-marksmage.png","https://raw.communitydragon.org/latest/game/assets/ux/cherry/augments/icons/marksmage_large.png","Marksmage","마법 명사수","Marksmage","https://wiki.leagueoflegends.com/en-us/Arena/Augments","False"
"133","MagicMissile","마법 미사일","1","icons/133-magicmissile.png","https://raw.communitydragon.org/latest/game/assets/ux/cherry/augments/icons/magicmissile_large.png","Magic Missile","마법 미사일","Magic Missile","https://wiki.leagueoflegends.com/en-us/Arena/Augments","False"
"134","DrawYourSword","검을 뽑아라","2","icons/134-drawyoursword.png","https://raw.communitydragon.org/latest/game/assets/ux/cherry/augments/icons/drawyoursword_large.png","Draw Your Sword","검을 뽑아라","Draw Your Sword","https://wiki.leagueoflegends.com/en-us/Arena/Augments","False"
"135","Spellwake","주문 각성","2","icons/135-spellwake.png","https://raw.communitydragon.org/latest/game/assets/ux/cherry/augments/icons/spellwake_large.png","Spellwake","주문 각성","Spellwake","https://wiki.leagueoflegends.com/en-us/Arena/Augments","False"
"136","SlapAround","우당탕탕","0","icons/136-slaparound.png","https://raw.communitydragon.org/latest/game/assets/ux/cherry/augments/icons/slaparound_large.png","Slap Around","우당탕탕","Slap Around","https://wiki.leagueoflegends.com/en-us/Arena/Augments","False"
"138","Goredrink","선혈포식","0","icons/138-goredrink.png","https://raw.communitydragon.org/latest/game/assets/ux/cherry/augments/icons/goredrink_large.png","Goredrink","선혈포식","Goredrink","https://wiki.leagueoflegends.com/en-us/Arena/Augments","False"
"141","AllForYou","너만을 위해","1","icons/141-allforyou.png","https://raw.communitydragon.org/latest/game/assets/ux/cherry/augments/icons/allforyou_large.png","All For You","너만을 위해","All For You","https://wiki.leagueoflegends.com/en-us/Arena/Augments","False"
"149","Impassable","넘을 수 없는 벽","1","icons/149-impassable.png","https://raw.communitydragon.org/latest/game/assets/ux/cherry/augments/icons/impassable_large.png","Impassable","넘을 수 없는 벽","Impassable","https://wiki.leagueoflegends.com/en-us/Arena/Augments","False"
"150","BreadAndJam","빵과 잼","1","icons/150-breadandjam.png","https://raw.communitydragon.org/latest/game/assets/ux/cherry/augments/icons/breadandjam_large.png","Bread And Jam","빵과 잼","Bread And Jam","https://wiki.leagueoflegends.com/en-us/Arena/Augments","False"
"151","BreadAndCheese","빵과 치즈","1","icons/151-breadandcheese.png","https://raw.communitydragon.org/latest/game/assets/ux/cherry/augments/icons/breadandcheese_large.png","Bread And Cheese","빵과 치즈","Bread And Cheese","https://wiki.leagueoflegends.com/en-us/Arena/Augments","False"
"152","Quest_SteelYourHeart","퀘스트: 강철 같은 심장","1","icons/152-quest-steelyourheart.png","https://raw.communitydragon.org/latest/game/assets/ux/cherry/augments/icons/quest_steelyourheart_large.png","Quest: Steel Your Heart","퀘스트: 강철 같은 심장","Quest: Steel Your Heart","https://wiki.leagueoflegends.com/en-us/Arena/Augments","False"
"154","Quest_UrfsChampion","퀘스트: 우르프의 챔피언","1","icons/154-quest-urfschampion.png","https://raw.communitydragon.org/latest/game/assets/ux/cherry/augments/icons/quest_urfschampion_large.png","Quest: Urf's Champion","퀘스트: 우르프의 챔피언","Quest: Urf's Champion","https://wiki.leagueoflegends.com/en-us/Arena/Augments","False"
"156","Quest_WoogletsWitchcap","퀘스트: 우글렛의 마녀 모자","2","icons/156-quest-woogletswitchcap.png","https://raw.communitydragon.org/latest/game/assets/ux/cherry/augments/icons/quest_woogletswitchcap_large.png","Quest: Wooglet's Witchcap","퀘스트: 우글렛의 마녀 모자","Quest: Wooglet's Witchcap","https://wiki.leagueoflegends.com/en-us/Arena/Augments","False"
"165","Restart","재시작","1","icons/165-restart.png","https://raw.communitydragon.org/latest/game/assets/ux/cherry/augments/icons/restart_large.png","Restart","재시작","Restart","https://wiki.leagueoflegends.com/en-us/Arena/Augments","False"
"171","Dematerialize","해체분석","0","icons/171-dematerialize.png","https://raw.communitydragon.org/latest/game/assets/ux/cherry/augments/icons/dematerialize_large.png","Dematerialize","해체분석","Dematerialize","https://wiki.leagueoflegends.com/en-us/Arena/Augments","False"
"172","MirrorImage","거울 환영","0","icons/172-mirrorimage.png","https://raw.communitydragon.org/latest/game/assets/ux/cherry/augments/icons/mirrorimage_large.png","Mirror Image","거울 환영","Mirror Image","https://wiki.leagueoflegends.com/en-us/Arena/Augments","False"
"174","LaserEyes","눈알 광선","2","icons/174-lasereyes.png","https://raw.communitydragon.org/latest/game/assets/ux/cherry/augments/icons/lasereyes_large.png","Laser Eyes","눈알 광선","Laser Eyes","https://wiki.leagueoflegends.com/en-us/Arena/Augments","False"
"175","ParasiticRelationship","기생 관계","1","icons/175-parasiticrelationship.png","https://raw.communitydragon.org/latest/game/assets/ux/cherry/augments/icons/parasiticrelationship_large.png","Parasitic Relationship","기생 관계","Parasitic Relationship","https://wiki.leagueoflegends.com/en-us/Arena/Augments","False"
"177","NestingDoll","마트료시카","2","icons/177-nestingdoll.png","https://raw.communitydragon.org/latest/game/assets/ux/cherry/augments/icons/nesting_doll.png","Nesting Doll","마트료시카","Nesting Doll","https://wiki.leagueoflegends.com/en-us/Arena/Augments","False"
"180","BigBrain","전술적 대비","1","icons/180-bigbrain.png","https://raw.communitydragon.org/latest/game/assets/ux/cherry/augments/icons/bigbrain_large.png","Big Brain","전술적 대비","Big Brain","https://wiki.leagueoflegends.com/en-us/Arena/Augments","False"
"181","HeavyHitter","강타자","0","icons/181-heavyhitter.png","https://raw.communitydragon.org/latest/game/assets/ux/cherry/augments/icons/heavyhitter_large.png","Heavy Hitter","강타자","Heavy Hitter","https://wiki.leagueoflegends.com/en-us/Arena/Augments","False"
"192","Quest_AngelofRetribution","퀘스트: 응징의 천사","1","icons/192-quest-angelofretribution.png","https://raw.communitydragon.org/latest/game/assets/ux/cherry/augments/icons/quest_angelofretribution_large.png","Quest: Angel of Retribution","퀘스트: 응징의 천사","Quest: Angel of Retribution","https://wiki.leagueoflegends.com/en-us/Arena/Augments","False"
"193","CenterOfTheUniverse","우주의 중심","2","icons/193-centeroftheuniverse.png","https://raw.communitydragon.org/latest/game/assets/ux/cherry/augments/icons/centeroftheuniverse_large.png","Center of the Universe","우주의 중심","Center of the Universe","https://wiki.leagueoflegends.com/en-us/Arena/Augments","False"
"194","FeyMagic","요정 마법","2","icons/194-feymagic.png","https://raw.communitydragon.org/latest/game/assets/ux/cherry/augments/icons/feymagic_large.png","Fey Magic","요정 마법","Fey Magic","https://wiki.leagueoflegends.com/en-us/Arena/Augments","False"
"195","GiantSlayer","거인 학살자","2","icons/195-giantslayer.png","https://raw.communitydragon.org/latest/game/assets/ux/cherry/augments/icons/giantslayer_large.png","Giant Slayer","거인 학살자","Giant Slayer","https://wiki.leagueoflegends.com/en-us/Arena/Augments","False"
"198","HolyFire","신성한 불길","1","icons/198-holyfire.png","https://raw.communitydragon.org/latest/game/assets/ux/cherry/augments/icons/holyfire_large.png","Holy Fire","신성한 불길","Holy Fire","https://wiki.leagueoflegends.com/en-us/Arena/Augments","False"
"200","BloodBrother","피를 나눈 형제","1","icons/200-bloodbrother.png","https://raw.communitydragon.org/latest/game/assets/ux/cherry/augments/icons/bloodbrother_large.png","Blood Brother","피를 나눈 형제","Blood Brother","https://wiki.leagueoflegends.com/en-us/Arena/Augments","False"
"204","StackosaurusRex","다단 중첩","0","icons/204-stackosaurusrex.png","https://raw.communitydragon.org/latest/game/assets/ux/cherry/augments/icons/stackosaurusrex_large.png","Stackosaurus Rex","다단 중첩","Stackosaurus Rex","https://wiki.leagueoflegends.com/en-us/Arena/Augments","False"
"205","ADAPt","적응형 능력치","0","icons/205-adapt.png","https://raw.communitydragon.org/latest/game/assets/ux/cherry/augments/icons/adapt_large.png","ADAPt","적응형 능력치","ADAPt","https://wiki.leagueoflegends.com/en-us/Arena/Augments","False"
"206","escAPADe","마법사 (물리)","0","icons/206-escapade.png","https://raw.communitydragon.org/latest/game/assets/ux/cherry/augments/icons/escapade_large.png","escAPADe","마법사 (물리)","EscAPADe","https://wiki.leagueoflegends.com/en-us/Arena/Augments","False"
"207","HoldVeryStill","미동 없이","0","icons/207-holdverystill.png","https://raw.communitydragon.org/latest/game/assets/ux/cherry/augments/icons/holdverystill_large.png","Hold Very Still","미동 없이","Hold Very Still","https://wiki.leagueoflegends.com/en-us/Arena/Augments","False"
"208","OrbitalLaser","궤도형 레이저","2","icons/208-orbitallaser.png","https://raw.communitydragon.org/latest/game/assets/ux/cherry/augments/icons/orbitallaser_large.png","Orbital Laser","궤도형 레이저","Orbital Laser","https://wiki.leagueoflegends.com/en-us/Arena/Augments","False"
"211","ItsKillingTime","처형 시간","1","icons/211-itskillingtime.png","https://raw.communitydragon.org/latest/game/assets/ux/cherry/augments/icons/itskillingtime_large.png","It's Killing Time","처형 시간","It's Killing Time","https://wiki.leagueoflegends.com/en-us/Arena/Augments","False"
"214","SpinToWin","승리를 위한 회전","0","icons/214-spintowin.png","https://raw.communitydragon.org/latest/game/assets/ux/cherry/augments/icons/spintowin_large.png","Spin To Win","승리를 위한 회전","Spin To Win","https://wiki.leagueoflegends.com/en-us/Arena/Augments","False"
"215","DarkBlessing","어둠의 축복","1","icons/215-darkblessing.png","https://raw.communitydragon.org/latest/game/assets/ux/cherry/augments/icons/darkblessing_large.png","Dark Blessing","어둠의 축복","Dark Blessing","https://wiki.leagueoflegends.com/en-us/Arena/Augments","False"
"216","Dreadbringer","공포를 부르는 자","2","icons/216-dreadbringer.png","https://raw.communitydragon.org/latest/game/assets/ux/cherry/augments/icons/plaguebearer_large.png","Dreadbringer","공포를 부르는 자","Dreadbringer","https://wiki.leagueoflegends.com/en-us/Arena/Augments","False"
"217","Deathtouch","죽음의 손길","1","icons/217-deathtouch.png","https://raw.communitydragon.org/latest/game/assets/ux/cherry/augments/icons/deathtouch_large.png","Deathtouch","죽음의 손길","Deathtouch","https://wiki.leagueoflegends.com/en-us/Arena/Augments","False"
"218","Desecrator","신성 모독자","0","icons/218-desecrator.png","https://raw.communitydragon.org/latest/game/assets/ux/cherry/augments/icons/desecrator_large.png","Desecrator","신성 모독자","Desecrator","https://wiki.leagueoflegends.com/en-us/Arena/Augments","False"
"219","Doomsayer","파멸의 예언자","2","icons/219-doomsayer.png","https://raw.communitydragon.org/latest/game/assets/ux/cherry/augments/icons/doomsayer_large.png","Doomsayer","파멸의 예언자","Doomsayer","https://wiki.leagueoflegends.com/en-us/Arena/Augments","False"
"220","FanTheHammer","탄환 세례","2","icons/220-fanthehammer.png","https://raw.communitydragon.org/latest/game/assets/ux/cherry/augments/icons/fanthehammer_large.png","Fan the Hammer","탄환 세례","Fan the Hammer","https://wiki.leagueoflegends.com/en-us/Arena/Augments","False"
"221","Trailblazer","개척자","0","icons/221-trailblazer.png","https://raw.communitydragon.org/latest/game/assets/ux/cherry/augments/icons/trailblazer_large.png","Trailblazer","개척자","Trailblazer","https://wiki.leagueoflegends.com/en-us/Arena/Augments","False"
"222","FruitsOfYourLabor","노력의 결실","0","icons/222-fruitsofyourlabor.png","https://raw.communitydragon.org/latest/game/assets/ux/cherry/augments/icons/fruitarian_large.png","Fruits of Your Labor","노력의 결실","Fruits of Your Labor","https://wiki.leagueoflegends.com/en-us/Arena/Augments","False"
"223","SummonerRevolution","소환사 혁명","1","icons/223-summonerrevolution.png","https://raw.communitydragon.org/latest/game/assets/ux/cherry/augments/icons/summonerrevolution_large.png","Summoner Revolution","소환사 혁명","Summoner Revolution","https://wiki.leagueoflegends.com/en-us/Arena/Augments","False"
"224","PrismaticEgg","프리즘 알","2","icons/224-prismaticegg.png","https://raw.communitydragon.org/latest/game/assets/ux/cherry/augments/icons/quest_prismaticegg_large.png","Prismatic Egg","프리즘 알","Prismatic Egg","https://wiki.leagueoflegends.com/en-us/Arena/Augments","False"
"225","DualWield","양손잡이","2","icons/225-dualwield.png","https://raw.communitydragon.org/latest/game/assets/ux/cherry/augments/icons/dualwield_large.png","Dual Wield","양손잡이","Dual Wield","https://wiki.leagueoflegends.com/en-us/Arena/Augments","False"
"226","Stats","능력치!","0","icons/226-stats.png","https://raw.communitydragon.org/latest/game/assets/ux/cherry/augments/icons/stats_large.png","Stats!","능력치!","Stats!","https://wiki.leagueoflegends.com/en-us/Arena/Augments","False"
"227","StatsOnStats","능력치 더하기 능력치!","1","icons/227-statsonstats.png","https://raw.communitydragon.org/latest/game/assets/ux/cherry/augments/icons/statsonstats_large.png","Stats on Stats!","능력치 더하기 능력치!","Stats on Stats!","https://wiki.leagueoflegends.com/en-us/Arena/Augments","False"
"228","StatsOnStatsOnStats","능력치 더하기 능력치 더하기 능력치!","2","icons/228-statsonstatsonstats.png","https://raw.communitydragon.org/latest/game/assets/ux/cherry/augments/icons/statsonstatsonstats_large.png","Stats on Stats on Stats!","능력치 더하기 능력치 더하기 능력치!","Stats on Stats on Stats!","https://wiki.leagueoflegends.com/en-us/Arena/Augments","False"
"229","FireSale","폭탄 세일","0","icons/229-firesale.png","https://raw.communitydragon.org/latest/game/assets/ux/cherry/augments/icons/firesale_large.png","Fire Sale","폭탄 세일","Fire Sale","https://wiki.leagueoflegends.com/en-us/Arena/Augments","False"
"231","LightWarden","빛의 파수꾼","1","icons/231-lightwarden.png","https://raw.communitydragon.org/latest/game/assets/ux/cherry/augments/icons/lightwarden_large.png","Light Warden","빛의 파수꾼","Light Warden","https://wiki.leagueoflegends.com/en-us/Arena/Augments","False"
"232","SlimeTime","점액 천지","0","icons/232-slimetime.png","https://raw.communitydragon.org/latest/game/assets/ux/cherry/augments/icons/slimetime_large.png","Slime Time","점액 천지","Slime Time","https://wiki.leagueoflegends.com/en-us/Arena/Augments","False"
"233","UltimateRoulette","궁극의 룰렛","2","icons/233-ultimateroulette.png","https://raw.communitydragon.org/latest/game/assets/ux/cherry/augments/icons/ultimaterevolution_large.png","Ultimate Roulette","궁극의 룰렛","Ultimate Roulette","https://wiki.leagueoflegends.com/en-us/Arena/Augments","False"
"234","GambaAnvil","감바 모루","2","icons/234-gambaanvil.png","https://raw.communitydragon.org/latest/game/assets/ux/cherry/augments/icons/thiefsgloves_large.png","Gamba Anvil","감바 모루","Gamba Anvil","https://wiki.leagueoflegends.com/en-us/Arena/Augments","False"
"236","TricksterDemon","기만하는 악마","1","icons/236-tricksterdemon.png","https://raw.communitydragon.org/latest/game/assets/ux/cherry/augments/icons/tricksterdemon_large.png","Trickster Demon","기만하는 악마","Trickster Demon","https://wiki.leagueoflegends.com/en-us/Arena/Augments","False"
"237","TransmuteGold","전환: 골드","0","icons/237-transmutegold.png","https://raw.communitydragon.org/latest/game/assets/ux/cherry/augments/icons/transmutegold_large.png","Transmute: Gold","전환: 골드","Transmute: Gold","https://wiki.leagueoflegends.com/en-us/Arena/Augments","False"
"238","TransmutePrismatic","전환: 프리즘","1","icons/238-transmuteprismatic.png","https://raw.communitydragon.org/latest/game/assets/ux/cherry/augments/icons/transmuteprismatic_large.png","Transmute: Prismatic","전환: 프리즘","Transmute: Prismatic","https://wiki.leagueoflegends.com/en-us/Arena/Augments","False"
"239","SymbioticMutation","공생 돌연변이","1","icons/239-symbioticmutation.png","https://raw.communitydragon.org/latest/game/assets/ux/cherry/augments/icons/symbioticmutation_large.png","Symbiotic Mutation","공생 돌연변이","Symbiotic Mutation","https://wiki.leagueoflegends.com/en-us/Arena/Augments","False"
"240","ParasiticMutation","기생 돌연변이","0","icons/240-parasiticmutation.png","https://raw.communitydragon.org/latest/game/assets/ux/cherry/augments/icons/parasiticmutation_large.png","Parasitic Mutation","기생 돌연변이","Parasitic Mutation","https://wiki.leagueoflegends.com/en-us/Arena/Augments","False"
"241","HatTrick","해트트릭","1","icons/241-hattrick.png","https://raw.communitydragon.org/latest/game/assets/ux/cherry/augments/icons/hattrick_large.png","Hat Trick","해트트릭","Hat Trick","https://wiki.leagueoflegends.com/en-us/Arena/Augments","False"
"243","TransmuteChaos","전환: 혼돈","2","icons/243-transmutechaos.png","https://raw.communitydragon.org/latest/game/assets/ux/cherry/augments/icons/transmutechaos_large.png","Transmute: Chaos","전환: 혼돈","Transmute: Chaos","https://wiki.leagueoflegends.com/en-us/Arena/Augments","False"
"251","NumbToPain","무통각증","0","icons/251-numbtopain.png","https://raw.communitydragon.org/latest/game/assets/ux/cherry/augments/icons/numbtopain_large.png","Numb to Pain","무통각증","Numb to Pain","https://wiki.leagueoflegends.com/en-us/Arena/Augments","False"
"301","DivineIntervention","신성한 중재","1","icons/301-divineintervention.png","https://raw.communitydragon.org/latest/game/assets/ux/cherry/augments/icons/slowactingpainkillers_large.png","Divine Intervention","신성한 중재","Divine Intervention","https://wiki.leagueoflegends.com/en-us/Arena/Augments","False"
"302","GoHSacrificeForSilver","희생: 실버","0","icons/302-gohsacrificeforsilver.png","https://raw.communitydragon.org/latest/game/assets/ux/cherry/augments/icons/gohsacrificefor_large.png","Sacrifice: For Silver","희생: 실버",,,
"303","GoHSacrificeForGold","희생: 골드","1","icons/303-gohsacrificeforgold.png","https://raw.communitydragon.org/latest/game/assets/ux/cherry/augments/icons/gohsacrificeforgold_large.png","Sacrifice: For Gold","희생: 골드",,,
"304","GoHSacrificeForPrismatic","희생: 프리즘","2","icons/304-gohsacrificeforprismatic.png","https://raw.communitydragon.org/latest/game/assets/ux/cherry/augments/icons/gohsacrificeforprismatic_large.png","Sacrifice: For Prismatic","희생: 프리즘",,,
"305","LegDay","하체 운동의 날","0","icons/305-legday.png","https://raw.communitydragon.org/latest/game/assets/ux/cherry/augments/icons/legday_large.png","Leg Day","하체 운동의 날","Leg Day","https://wiki.leagueoflegends.com/en-us/Arena/Augments","False"
"308","Firefox","불여우","0","icons/308-firefox.png","https://raw.communitydragon.org/latest/game/assets/ux/cherry/augments/icons/firfox_large.png","Firefox","불여우","Firefox","https://wiki.leagueoflegends.com/en-us/Arena/Augments","False"
"309","AndMyAxe","도끼 받아라!","1","icons/309-andmyaxe.png","https://raw.communitydragon.org/latest/game/assets/ux/cherry/augments/icons/andmyaxe_large.png","And My Axe!","도끼 받아라!","And My Axe!","https://wiki.leagueoflegends.com/en-us/Arena/Augments","False"
"310","ClownCollege","광대 대학","2","icons/310-clowncollege.png","https://raw.communitydragon.org/latest/game/assets/ux/cherry/augments/icons/clowncollege_large.png","Clown College","광대 대학","Clown College","https://wiki.leagueoflegends.com/en-us/Arena/Augments","False"
"311","Overflow","범람","1","icons/311-overflow.png","https://raw.communitydragon.org/latest/game/assets/ux/cherry/augments/icons/overflow_large.png","Overflow","범람","Overflow","https://wiki.leagueoflegends.com/en-us/Arena/Augments","False"
"312","WellBeRightBack","금방 돌아올게","1","icons/312-wellberightback.png","https://raw.communitydragon.org/latest/game/assets/ux/cherry/augments/icons/wellberightback_large.png","We'll Be Right Back","금방 돌아올게","We'll Be Right Back","https://wiki.leagueoflegends.com/en-us/Arena/Augments","False"
"313","TankEngine","탱크 엔진","1","icons/313-tankengine.png","https://raw.communitydragon.org/latest/game/assets/ux/cherry/augments/icons/tank_engine_large.png","Tank Engine","탱크 엔진","Tank Engine","https://wiki.leagueoflegends.com/en-us/Arena/Augments","False"
"314","Unshackled","해방","1","icons/314-unshackled.png","https://raw.communitydragon.org/latest/game/assets/ux/cherry/augments/icons/unshackled_large.png","Unshackled","해방","Unshackled","https://wiki.leagueoflegends.com/en-us/Arena/Augments","False"
"316","GrievousVenom","고통스러운 맹독","0","icons/316-grievousvenom.png","https://raw.communitydragon.org/latest/game/assets/ux/cherry/augments/icons/grevious_venmon.png","Grievous Venom","고통스러운 맹독","Grevious Venom","https://wiki.leagueoflegends.com/en-us/Arena/Augments","False"
"317","PandorasBox","판도라의 상자","2","icons/317-pandorasbox.png","https://raw.communitydragon.org/latest/game/assets/ux/cherry/augments/icons/pandoras_box_large.png","Pandora's Box","판도라의 상자","Pandora's Box","https://wiki.leagueoflegends.com/en-us/Arena/Augments","False"
"318","Quest_MadHatter","퀘스트: 미치광이 모자장수","1","icons/318-quest-madhatter.png","https://raw.communitydragon.org/latest/game/assets/ux/cherry/augments/icons/mad_hatter_large.png","Quest: Mad Hatter","퀘스트: 미치광이 모자장수","Quest: Mad Hatter","https://wiki.leagueoflegends.com/en-us/Arena/Augments","False"
"319","Quest_ThreeSacredTreasures","퀘스트: 삼종신기","1","icons/319-quest-threesacredtreasures.png","https://raw.communitydragon.org/latest/game/assets/ux/cherry/augments/icons/threesacredtreasures_large.png","Quest: Three Sacred Treasures","퀘스트: 삼종신기","Quest: Three Sacred Treasures","https://wiki.leagueoflegends.com/en-us/Arena/Augments","False"
"321","Bodyguard","경호대","1","icons/321-bodyguard.png","https://raw.communitydragon.org/latest/game/assets/ux/cherry/augments/icons/bodyguard_large.png","Bodyguard","경호대","Bodyguard","https://wiki.leagueoflegends.com/en-us/Arena/Augments","False"
"322","AugmentedPower","증강된 힘","0","icons/322-augmentedpower.png","https://raw.communitydragon.org/latest/game/assets/ux/cherry/augments/icons/augmented_power_large.png","Augmented Power","증강된 힘","Augmented Power","https://wiki.leagueoflegends.com/en-us/Arena/Augments","False"
"323","Cerberus","케르베로스","2","icons/323-cerberus.png","https://raw.communitydragon.org/latest/game/assets/ux/cherry/augments/icons/cerberus_large.png","Cerberus","케르베로스","Cerberus","https://wiki.leagueoflegends.com/en-us/Arena/Augments","False"
"324","BravestoftheBrave","용자 중의 용자","0","icons/324-bravestofthebrave.png","https://raw.communitydragon.org/latest/game/assets/ux/cherry/augments/icons/bravestofthebrave_large.png","Bravest of the Brave","용자 중의 용자","Bravest of the Brave","https://wiki.leagueoflegends.com/en-us/Arena/Augments","False"
"327","UndyingGuard","불멸의 경계","1","icons/327-undyingguard.png","https://raw.communitydragon.org/latest/game/assets/ux/cherry/augments/icons/dawnbringersresolve_large.png","Undying Guard","불멸의 경계","Undying Guard","https://wiki.leagueoflegends.com/en-us/Arena/Augments","False"
"330","Despoil","침탈","0","icons/330-despoil.png","https://raw.communitydragon.org/latest/game/assets/ux/cherry/augments/icons/desecrator_large.png","Despoil","침탈","Despoil","https://wiki.leagueoflegends.com/en-us/Arena/Augments","False"
"333","Quest_RiteOfTheForgeGod","퀘스트: 대장장이 신의 의식","2","icons/333-quest-riteoftheforgegod.png","https://raw.communitydragon.org/latest/game/assets/ux/cherry/augments/icons/quest_rite_of_the_forge_god_large.png","Quest: Rite Of The Forge God","퀘스트: 대장장이 신의 의식","Quest: Rite of the Forge God","https://wiki.leagueoflegends.com/en-us/Arena/Augments","False"
"335","PanicRoom","대피소","0","icons/335-panicroom.png","https://raw.communitydragon.org/latest/game/assets/ux/cherry/augments/icons/panic_room_large.png","Panic Room","대피소","Panic Room","https://wiki.leagueoflegends.com/en-us/Arena/Augments","False"
"336","AimForTheHead","머리를 노려라","1","icons/336-aimforthehead.png","https://raw.communitydragon.org/latest/game/assets/ux/cherry/augments/icons/aim_for_the_head_large.png","Aim for the Head","머리를 노려라","Aim for the Head","https://wiki.leagueoflegends.com/en-us/Arena/Augments","False"
"338","HiveMind","군체 의식","2","icons/338-hivemind.png","https://raw.communitydragon.org/latest/game/assets/ux/cherry/augments/icons/hive_mind_large.png","Hive Mind","군체 의식","Hive Mind","https://wiki.leagueoflegends.com/en-us/Arena/Augments","False"
"340","CraftingPrisStatAnvil","프리즘 능력치 모루 획득","4","icons/340-craftingprisstatanvil.png","https://raw.communitydragon.org/latest/game/assets/ux/cherry/augments/icons/crafting_prisstatanvil.png","Gain a Prismatic Stat Anvil","프리즘 능력치 모루 획득",,,
"341","CraftingAugmentSlot","증강 슬롯 획득","4","icons/341-craftingaugmentslot.png","https://raw.communitydragon.org/latest/game/assets/ux/cherry/augments/icons/crafting_slot.png","Gain an Augment slot","증강 슬롯 획득",,,
"342","CraftingSellAugment","증강 강화","4","icons/342-craftingsellaugment.png","https://raw.communitydragon.org/latest/game/assets/ux/cherry/augments/icons/crafting_sellaug.png","Level Augments","증강 강화",,,
"343","RighteousFury","정의로운 분노","2","icons/343-righteousfury.png","https://raw.communitydragon.org/latest/game/assets/ux/cherry/augments/icons/righteous_fury_large.png","Righteous Fury","정의로운 분노","Righteous Fury","https://wiki.leagueoflegends.com/en-us/Arena/Augments","False"
"344","Energetic","에너지 충만","0","icons/344-energetic.png","https://raw.communitydragon.org/latest/game/assets/ux/cherry/augments/icons/energetic_large.png","Energetic","에너지 충만","Energetic","https://wiki.leagueoflegends.com/en-us/Arena/Augments","False"
"345","MagicalGirl","마법 소녀","2","icons/345-magicalgirl.png","https://raw.communitydragon.org/latest/game/assets/ux/cherry/augments/icons/magic_girl.png","Magical Girl","마법 소녀","Magical Girl","https://wiki.leagueoflegends.com/en-us/Arena/Augments","False"
"346","BreadSandwich","샌드위치 빵","2","icons/346-breadsandwich.png","https://raw.communitydragon.org/latest/game/assets/ux/cherry/augments/icons/bread_sandwhich.png","Bread Sandwich","샌드위치 빵","Bread Sandwich","https://wiki.leagueoflegends.com/en-us/Arena/Augments","False"
"347","GoHChemtechPutrifier","화학공학 부패기","4","icons/347-gohchemtechputrifier.png","https://raw.communitydragon.org/latest/game/assets/ux/cherry/augments/icons/chemtechpurifier_large.png","Chemtech Putrifier","화학공학 부패기",,,
"348","GoHBloodrazor","피갈퀴손","4","icons/348-gohbloodrazor.png","https://raw.communitydragon.org/latest/game/assets/ux/cherry/augments/icons/bloodrazor_large.png","Bloodrazor","피갈퀴손",,,
"349","GoHDematerializer","해체분석기","4","icons/349-gohdematerializer.png","https://raw.communitydragon.org/latest/game/assets/ux/cherry/augments/icons/dematerializer_large.png","Dematerializer","해체분석기",,,
"350","GoHEnchantedFlask","마법 플라스크","4","icons/350-gohenchantedflask.png","https://raw.communitydragon.org/latest/game/assets/ux/cherry/augments/icons/crystallineflask_large.png","Enchanted Flask","마법 플라스크",,,
"351","GoHFrozenMallet","얼어붙은 망치","4","icons/351-gohfrozenmallet.png","https://raw.communitydragon.org/latest/game/assets/ux/cherry/augments/icons/frozenmallet_large.png","Frozen Mallet","얼어붙은 망치",,,
"354","GoHRemnantOfTheWatchers","수호자의 유물","4","icons/354-gohremnantofthewatchers.png","https://raw.communitydragon.org/latest/game/assets/ux/cherry/augments/icons/remnantofthewatchers_large.png","Remnant of the Watchers","수호자의 유물",,,
"355","GainStatAnvil","능력치 모루 획득","4","icons/355-gainstatanvil.png","https://raw.communitydragon.org/latest/game/assets/ux/cherry/augments/icons/gain_stat_anvil.png","Gain Stat Anvil","능력치 모루 획득",,,
"356","SilverSpoon","은수저","0","icons/356-silverspoon.png","https://raw.communitydragon.org/latest/game/assets/ux/cherry/augments/icons/silver_spoon.png","Silver Spoon","은수저","Silver Spoon","https://wiki.leagueoflegends.com/en-us/Arena/Augments","False"
"357","Hybrid","하이브리드","1","icons/357-hybrid.png","https://raw.communitydragon.org/latest/game/assets/ux/cherry/augments/icons/hybrid_large.png","Hybrid","하이브리드","Hybrid","https://wiki.leagueoflegends.com/en-us/Arena/Augments","False"
"358","GoHWolf","늑대의 광기","4","icons/358-gohwolf.png","https://raw.communitydragon.org/latest/game/assets/ux/cherry/augments/icons/wolf_large.png","Wolf's Frenzy","늑대의 광기",,,
"359","GoHLamb","양의 안식처","4","icons/359-gohlamb.png","https://raw.communitydragon.org/latest/game/assets/ux/cherry/augments/icons/lamb_large.png","Lamb's Respite","양의 안식처",,,
"361","GoHVoteAllyDemon","악마와 동맹","4","icons/361-gohvoteallydemon.png","https://raw.communitydragon.org/latest/game/assets/ux/cherry/augments/icons/yonedemon_large.png","Ally Demon","악마와 동맹",,,
"362","GoHVoteAllyHunter","사냥꾼과 동맹","4","icons/362-gohvoteallyhunter.png","https://raw.communitydragon.org/latest/game/assets/ux/cherry/augments/icons/yonehunter_large.png","Ally Hunter","사냥꾼과 동맹",,,
"364","ReplaceAugment","증강 교체","4","icons/364-replaceaugment.png","https://raw.communitydragon.org/latest/game/assets/ux/cherry/augments/icons/replace_augment.png","Replace Augment","증강 교체",,,
"365","GoHAbstainFromWealth","재물 거부","4","icons/365-gohabstainfromwealth.png","https://raw.communitydragon.org/latest/game/assets/ux/cherry/augments/icons/wealth_large.png","Abstain From Wealth","재물 거부",,,
"366","GoHAbstainFromPower","힘 거부","4","icons/366-gohabstainfrompower.png","https://raw.communitydragon.org/latest/game/assets/ux/cherry/augments/icons/power_large.png","Abstain From Power","힘 거부",,,
"367","GoHAbstainFromRisk","위험 거부","4","icons/367-gohabstainfromrisk.png","https://raw.communitydragon.org/latest/game/assets/ux/cherry/augments/icons/risk_large.png","Abstain From Risk","위험 거부",,,
"368","GoHCravingForWealth","재물 갈망","4","icons/368-gohcravingforwealth.png","https://raw.communitydragon.org/latest/game/assets/ux/cherry/augments/icons/wealth_large.png","Craving For Wealth","재물 갈망",,,
"369","GoHCravingForPower","힘 갈망","4","icons/369-gohcravingforpower.png","https://raw.communitydragon.org/latest/game/assets/ux/cherry/augments/icons/power_large.png","Craving For Power","힘 갈망",,,
"370","GoHCravingForRisk","위험 갈망","4","icons/370-gohcravingforrisk.png","https://raw.communitydragon.org/latest/game/assets/ux/cherry/augments/icons/risk_large.png","Craving For Risk","위험 갈망",,,
"371","GoHCompulsionForWealth","재물 집착","4","icons/371-gohcompulsionforwealth.png","https://raw.communitydragon.org/latest/game/assets/ux/cherry/augments/icons/wealth_large.png","Compulsion For Wealth","재물 집착",,,
"372","GoHCompulsionForPower","힘 집착","4","icons/372-gohcompulsionforpower.png","https://raw.communitydragon.org/latest/game/assets/ux/cherry/augments/icons/power_large.png","Compulsion For Power","힘 집착",,,
"373","GoHCompulsionForRisk","위험 집착","4","icons/373-gohcompulsionforrisk.png","https://raw.communitydragon.org/latest/game/assets/ux/cherry/augments/icons/risk_large.png","Compulsion For Risk","위험 집착",,,
"392","GoHSwindlersOrb","사기꾼의 보주","4","icons/392-gohswindlersorb.png","https://raw.communitydragon.org/latest/game/assets/ux/cherry/augments/icons/swindlers_orb_item_large.png","Swindler's Orb","사기꾼의 보주",,,
"404","Augment404","404: 증강을 찾을 수 없습니다","0","icons/404-augment404.png","https://raw.communitydragon.org/latest/game/assets/ux/cherry/augments/icons/augment404_large.png","404 Augment Not Found","404: 증강을 찾을 수 없습니다","404 Augment Not Found","https://wiki.leagueoflegends.com/en-us/Arena/Augments","False"
"405","Augment405","증강 405","2","icons/405-augment405.png","https://raw.communitydragon.org/latest/game/assets/ux/cherry/augments/icons/augment405_large.png","Augment 405","증강 405","Augment 405","https://wiki.leagueoflegends.com/en-us/Arena/Augments","False"
"wiki-missing-pings","missing-pings","???","2","icons/wiki-missing-pings.png","https://raw.communitydragon.org/latest/game/assets/ux/kiwi/augments/icons/missingping_large.png","???","???","???","https://wiki.leagueoflegends.com/en-us/Arena/Augments","False"
"wiki-adamant","adamant","단호함","0","icons/wiki-adamant.png","https://raw.communitydragon.org/latest/game/assets/ux/kiwi/augments/icons/adamant_large.png","Adamant","단호함","Adamant","https://wiki.leagueoflegends.com/en-us/Arena/Augments","False"
"wiki-big-dragon-energy","big-dragon-energy","거대한 용의 기운","1","icons/wiki-big-dragon-energy.png","https://wiki.leagueoflegends.com/en-us/images/thumb/Big_Dragon_Energy_ar_augment.png/80px-Big_Dragon_Energy_ar_augment.png?a089e","Big Dragon Energy","거대한 용의 기운","Big Dragon Energy","https://wiki.leagueoflegends.com/en-us/Arena/Augments","False"
"wiki-bounce-of-the-poro-king","bounce-of-the-poro-king","포로 왕의 바운스","2","icons/wiki-bounce-of-the-poro-king.png","https://raw.communitydragon.org/latest/game/assets/ux/kiwi/augments/icons/poroking_large.png","Bounce of the Poro King","포로 왕의 바운스","Bounce of the Poro King","https://wiki.leagueoflegends.com/en-us/Arena/Augments","False"
"wiki-calculated-risk","calculated-risk","계산된 위험","0","icons/wiki-calculated-risk.png","https://raw.communitydragon.org/latest/game/assets/ux/cherry/augments/icons/calculated_risk_large.png","Calculated Risk","계산된 위험","Calculated Risk","https://wiki.leagueoflegends.com/en-us/Arena/Augments","False"
"wiki-chain-lightning","chain-lightning","연쇄 번개","2","icons/wiki-chain-lightning.png","https://raw.communitydragon.org/latest/game/assets/ux/cherry/augments/icons/chainlightning_large.png","Chain Lightning","연쇄 번개","Chain Lightning","https://wiki.leagueoflegends.com/en-us/Arena/Augments","False"
"wiki-chroma-flux","chroma-flux","크로마 전이","1","icons/wiki-chroma-flux.png","https://raw.communitydragon.org/latest/game/assets/ux/cherry/augments/icons/chroma_flux.png","Chroma Flux","크로마 전이","Chroma Flux","https://wiki.leagueoflegends.com/en-us/Arena/Augments","False"
"wiki-combination-fried-rice","combination-fried-rice","모둠 볶음밥","2","icons/wiki-combination-fried-rice.png","https://raw.communitydragon.org/latest/game/assets/ux/cherry/augments/icons/combination_fried_rice.png","Combination Fried Rice","모둠 볶음밥","Combination Fried Rice","https://wiki.leagueoflegends.com/en-us/Arena/Augments","False"
"wiki-crack-open-that-egg","crack-open-that-egg","알 깨기","0","icons/wiki-crack-open-that-egg.png","https://raw.communitydragon.org/latest/game/assets/ux/kiwi/augments/icons/crackopenthategg_large.png","Crack Open That Egg","알 깨기","Crack Open That Egg","https://wiki.leagueoflegends.com/en-us/Arena/Augments","False"
"wiki-critical-rhythm","critical-rhythm","치명적 리듬","1","icons/wiki-critical-rhythm.png","https://raw.communitydragon.org/latest/game/assets/ux/kiwi/augments/icons/criticalrhythm_large.png","Critical Rhythm","치명적 리듬","Critical Rhythm","https://wiki.leagueoflegends.com/en-us/Arena/Augments","False"
"wiki-demonic-clasp","demonic-clasp","악마의 손아귀","1","icons/wiki-demonic-clasp.png","https://raw.communitydragon.org/latest/game/assets/ux/cherry/augments/icons/demonic_clasp.png","Demonic Clasp","악마의 손아귀","Demonic Clasp","https://wiki.leagueoflegends.com/en-us/Arena/Augments","False"
"wiki-devil-on-your-shoulder","devil-on-your-shoulder","어깨 위의 악마","2","icons/wiki-devil-on-your-shoulder.png","https://raw.communitydragon.org/latest/game/assets/ux/kiwi/augments/icons/littledevil_large.png","Devil on Your Shoulder","어깨 위의 악마","Devil on Your Shoulder","https://wiki.leagueoflegends.com/en-us/Arena/Augments","False"
"wiki-donation","donation","후원","1","icons/wiki-donation.png","https://raw.communitydragon.org/latest/game/assets/ux/kiwi/augments/icons/donation_large.png","Donation","후원","Donation","https://wiki.leagueoflegends.com/en-us/Arena/Augments","False"
"wiki-double-tap","double-tap","한 발에 두 놈","1","icons/wiki-double-tap.png","https://wiki.leagueoflegends.com/en-us/images/thumb/Double_Tap_ar_augment.png/80px-Double_Tap_ar_augment.png?09dbf","Double Tap","한 발에 두 놈","Double Tap","https://wiki.leagueoflegends.com/en-us/Arena/Augments","False"
"wiki-dust-to-diamonds","dust-to-diamonds","먼지에서 다이아몬드로","0","icons/wiki-dust-to-diamonds.png","https://raw.communitydragon.org/latest/game/assets/ux/cherry/augments/icons/dust_to_diamonds.png","Dust To Diamonds","먼지에서 다이아몬드로","Dust To Diamonds","https://wiki.leagueoflegends.com/en-us/Arena/Augments","False"
"wiki-escape-plan","escape-plan","도주 계획","0","icons/wiki-escape-plan.png","https://raw.communitydragon.org/latest/game/assets/ux/kiwi/augments/icons/escapeplan_large.png","Escape Plan","도주 계획","Escape Plan","https://wiki.leagueoflegends.com/en-us/Arena/Augments","False"
"wiki-final-form","final-form","최종 형태","2","icons/wiki-final-form.png","https://raw.communitydragon.org/latest/game/assets/ux/kiwi/augments/icons/finalform_large.png","Final Form","최종 형태","Final Form","https://wiki.leagueoflegends.com/en-us/Arena/Augments","False"
"wiki-flashbang","flashbang","점멸탄","0","icons/wiki-flashbang.png","https://raw.communitydragon.org/latest/game/assets/ux/cherry/augments/icons/flashbang_large.png","Flashbang","점멸탄","Flashbang","https://wiki.leagueoflegends.com/en-us/Arena/Augments","True"
"wiki-frozen-foundations","frozen-foundations","얼어붙은 땅","0","icons/wiki-frozen-foundations.png","https://raw.communitydragon.org/latest/game/assets/ux/cherry/augments/icons/frozenfoundations_large.png","Frozen Foundations","얼어붙은 땅","Frozen Foundations","https://wiki.leagueoflegends.com/en-us/Arena/Augments","False"
"wiki-get-excited","get-excited","신난다!","1","icons/wiki-get-excited.png","https://raw.communitydragon.org/latest/game/assets/ux/kiwi/augments/icons/getexcited_large.png","Get Excited!","신난다!","Get Excited!","https://wiki.leagueoflegends.com/en-us/Arena/Augments","False"
"wiki-glass-cannon","glass-cannon","유리 대포","2","icons/wiki-glass-cannon.png","https://raw.communitydragon.org/latest/game/assets/ux/kiwi/augments/icons/glasscannon_large.png","Glass Cannon","유리 대포","Glass Cannon","https://wiki.leagueoflegends.com/en-us/Arena/Augments","False"
"wiki-growth-spurt","growth-spurt","급속 성장","1","icons/wiki-growth-spurt.png","https://raw.communitydragon.org/latest/game/assets/ux/kiwi/augments/icons/growthspurt_large.png","Growth Spurt","급속 성장","Growth Spurt","https://wiki.leagueoflegends.com/en-us/Arena/Augments","False"
"wiki-hextech-soul","hextech-soul","마법공학의 영혼","0","icons/wiki-hextech-soul.png","https://wiki.leagueoflegends.com/en-us/images/thumb/Hextech_Soul_ar_augment.png/80px-Hextech_Soul_ar_augment.png?b8298","Hextech Soul","마법공학의 영혼","Hextech Soul","https://wiki.leagueoflegends.com/en-us/Arena/Augments","False"
"wiki-juice-press","juice-press","주스 압착기","0","icons/wiki-juice-press.png","https://raw.communitydragon.org/latest/game/assets/ux/cherry/augments/icons/juicepress_large.png","Juice Press","주스 압착기","Juice Press","https://wiki.leagueoflegends.com/en-us/Arena/Augments","True"
"wiki-juiced","juiced","도취","0","icons/wiki-juiced.png","https://raw.communitydragon.org/latest/game/assets/ux/kiwi/augments/icons/juiced_large.png","Juiced","도취","Juiced","https://wiki.leagueoflegends.com/en-us/Arena/Augments","False"
"wiki-kill-secured","kill-secured","확보된 킬","0","icons/wiki-kill-secured.png","https://raw.communitydragon.org/latest/game/assets/ux/kiwi/augments/icons/killsecure_large.png","Kill Secured","확보된 킬","Kill Secured","https://wiki.leagueoflegends.com/en-us/Arena/Augments","False"
"wiki-mercy","mercy","자비","1","icons/wiki-mercy.png","https://raw.communitydragon.org/latest/game/assets/ux/cherry/augments/icons/mercy.png","Mercy","자비","Mercy","https://wiki.leagueoflegends.com/en-us/Arena/Augments","False"
"wiki-multitool","multitool","다용도 도구","1","icons/wiki-multitool.png","https://raw.communitydragon.org/latest/game/assets/ux/cherry/augments/icons/multitool_large.png","Multitool","다용도 도구","Multitool","https://wiki.leagueoflegends.com/en-us/Arena/Augments","True"
"wiki-ominous-pact","ominous-pact","불길한 서약","2","icons/wiki-ominous-pact.png","https://raw.communitydragon.org/latest/game/assets/ux/cherry/augments/icons/wisdomofages_large.png","Ominous Pact","불길한 서약","Ominous Pact","https://wiki.leagueoflegends.com/en-us/Arena/Augments","False"
"wiki-pinball","pinball","핀볼","1","icons/wiki-pinball.png","https://raw.communitydragon.org/latest/game/assets/ux/kiwi/augments/icons/pinballsnowball_large.png","Pinball","핀볼","Pinball","https://wiki.leagueoflegends.com/en-us/Arena/Augments","False"
"wiki-protein-shake","protein-shake","프로틴 음료","2","icons/wiki-protein-shake.png","https://raw.communitydragon.org/latest/game/assets/ux/kiwi/augments/icons/proteinshake_large.png","Protein Shake","프로틴 음료","Protein Shake","https://wiki.leagueoflegends.com/en-us/Arena/Augments","False"
"wiki-purist-caster","purist-caster","순수주의자 - 마법사","0","icons/wiki-purist-caster.png","https://raw.communitydragon.org/latest/game/assets/ux/kiwi/augments/icons/puristcaster_large.png","Purist - Caster","순수주의자 - 마법사","Purist - Caster","https://wiki.leagueoflegends.com/en-us/Arena/Augments","False"
"wiki-quest-icathia-s-fall","quest-icathia-s-fall","이케시아의 몰락","2","icons/wiki-quest-icathia-s-fall.png","https://raw.communitydragon.org/latest/game/assets/ux/kiwi/augments/icons/quest_voidimmolation_large.png","Quest: Icathia's Fall","이케시아의 몰락","Quest: Icathia's Fall","https://wiki.leagueoflegends.com/en-us/Arena/Augments","False"
"wiki-rags-to-riches","rags-to-riches","무일푼에서 부자로","0","icons/wiki-rags-to-riches.png","https://raw.communitydragon.org/latest/game/assets/ux/cherry/augments/icons/rags_to_riches.png","Rags to Riches","무일푼에서 부자로","Rags to Riches","https://wiki.leagueoflegends.com/en-us/Arena/Augments","False"
"wiki-rice-and-chicken","rice-and-chicken","밥과 닭고기","1","icons/wiki-rice-and-chicken.png","https://raw.communitydragon.org/latest/game/assets/ux/cherry/augments/icons/rice_and_chicken.png","Rice And Chicken","밥과 닭고기","Rice And Chicken","https://wiki.leagueoflegends.com/en-us/Arena/Augments","False"
"wiki-rice-and-fish","rice-and-fish","밥과 생선","1","icons/wiki-rice-and-fish.png","https://raw.communitydragon.org/latest/game/assets/ux/cherry/augments/icons/rice_and_fish.png","Rice And Fish","밥과 생선","Rice And Fish","https://wiki.leagueoflegends.com/en-us/Arena/Augments","False"
"wiki-rice-and-pork","rice-and-pork","밥과 돼지고기","1","icons/wiki-rice-and-pork.png","https://raw.communitydragon.org/latest/game/assets/ux/cherry/augments/icons/rice_and_pork.png","Rice And Pork","밥과 돼지고기","Rice And Pork","https://wiki.leagueoflegends.com/en-us/Arena/Augments","False"
"wiki-scavenger","scavenger","쓰레기 청소부","1","icons/wiki-scavenger.png","https://raw.communitydragon.org/latest/game/assets/ux/cherry/augments/icons/scavenger.png","Scavenger","쓰레기 청소부","Scavenger","https://wiki.leagueoflegends.com/en-us/Arena/Augments","False"
"wiki-scoped-weapons","scoped-weapons","조준경 부착","0","icons/wiki-scoped-weapons.png","https://raw.communitydragon.org/latest/game/assets/ux/cherry/augments/icons/scopedweapons_large.png","Scoped Weapons","조준경 부착","Scoped Weapons","https://wiki.leagueoflegends.com/en-us/Arena/Augments","True"
"wiki-scopier-weapons","scopier-weapons","상급 조준경 부착","1","icons/wiki-scopier-weapons.png","https://raw.communitydragon.org/latest/game/assets/ux/cherry/augments/icons/scopierweapons_large.png","Scopier Weapons","상급 조준경 부착","Scopier Weapons","https://wiki.leagueoflegends.com/en-us/Arena/Augments","True"
"wiki-shrink-engine","shrink-engine","축소 엔진","1","icons/wiki-shrink-engine.png","https://raw.communitydragon.org/latest/game/assets/ux/kiwi/augments/icons/shrinkengine_large.png","Shrink Engine","축소 엔진","Shrink Engine","https://wiki.leagueoflegends.com/en-us/Arena/Augments","False"
"wiki-slow-and-steady","slow-and-steady","천천히, 꾸준히","1","icons/wiki-slow-and-steady.png","https://raw.communitydragon.org/latest/game/assets/ux/cherry/augments/icons/slowandsteady_large.png","Slow and Steady","천천히, 꾸준히","Slow and Steady","https://wiki.leagueoflegends.com/en-us/Arena/Augments","False"
"wiki-snowball-fight","snowball-fight","눈싸움!","0","icons/wiki-snowball-fight.png","https://raw.communitydragon.org/latest/game/assets/ux/cherry/augments/icons/snowballfight_large.png","Snowball Fight!","눈싸움!","Snowball Fight!","https://wiki.leagueoflegends.com/en-us/Arena/Augments","False"
"wiki-speed-demon","speed-demon","질주하는 악마","0","icons/wiki-speed-demon.png","https://raw.communitydragon.org/latest/game/assets/ux/kiwi/augments/icons/speeddemon_large.png","Speed Demon","질주하는 악마","Speed Demon","https://wiki.leagueoflegends.com/en-us/Arena/Augments","False"
"wiki-spellcraft","spellcraft","마법 제작","2","icons/wiki-spellcraft.png","https://raw.communitydragon.org/latest/game/assets/ux/cherry/augments/icons/spell_craft.png","Spellcraft","마법 제작","Spellcraft","https://wiki.leagueoflegends.com/en-us/Arena/Augments","False"
"wiki-spin-me-right-round","spin-me-right-round","빙글빙글","0","icons/wiki-spin-me-right-round.png","https://raw.communitydragon.org/latest/game/assets/ux/kiwi/augments/icons/youspinmerightround_large.png","Spin Me Right Round","빙글빙글","Spin Me Right Round","https://wiki.leagueoflegends.com/en-us/Arena/Augments","False"
"wiki-spirit-infusion","spirit-infusion","영혼 주입","0","icons/wiki-spirit-infusion.png","https://raw.communitydragon.org/latest/game/assets/ux/cherry/augments/icons/spirit_infusion_large.png","Spirit Infusion","영혼 주입","Spirit Infusion","https://wiki.leagueoflegends.com/en-us/Arena/Augments","True"
"wiki-stuck-in-here-with-me","stuck-in-here-with-me","도망갈 수 없어","2","icons/wiki-stuck-in-here-with-me.png","https://raw.communitydragon.org/latest/game/assets/ux/kiwi/augments/icons/stuckinherewithme_large.png","Stuck In Here With Me","도망갈 수 없어","Stuck In Here With Me","https://wiki.leagueoflegends.com/en-us/Arena/Augments","False"
"wiki-transmute-silver","transmute-silver","전환: 실버","2","icons/wiki-transmute-silver.png","https://raw.communitydragon.org/latest/game/assets/ux/cherry/augments/icons/transmute_silver.png","Transmute: Silver","전환: 실버","Transmute: Silver","https://wiki.leagueoflegends.com/en-us/Arena/Augments","False"
"wiki-trash-to-treasure","trash-to-treasure","쓰레기에서 보석으로","0","icons/wiki-trash-to-treasure.png","https://raw.communitydragon.org/latest/game/assets/ux/cherry/augments/icons/trash_treasure.png","Trash To Treasure","쓰레기에서 보석으로","Trash To Treasure","https://wiki.leagueoflegends.com/en-us/Arena/Augments","False"
"wiki-twin-fire","twin-fire","쌍둥이 불꽃","0","icons/wiki-twin-fire.png","https://raw.communitydragon.org/latest/game/assets/ux/kiwi/augments/icons/twinfire_large.png","Twin Fire","쌍둥이 불꽃","Twin Fire","https://wiki.leagueoflegends.com/en-us/Arena/Augments","False"
"wiki-unstable-transmutation","unstable-transmutation","불안정한 변형","1","icons/wiki-unstable-transmutation.png","https://raw.communitydragon.org/latest/game/assets/ux/cherry/augments/icons/unstabletransmutation_large.png","Unstable Transmutation","불안정한 변형","Unstable Transmutation","https://wiki.leagueoflegends.com/en-us/Arena/Augments","False"
"wiki-upgrade-collector","upgrade-collector","징수의 총 업그레이드","0","icons/wiki-upgrade-collector.png","https://raw.communitydragon.org/latest/game/assets/ux/kiwi/augments/icons/upgradecollector_large.png","Upgrade Collector","징수의 총 업그레이드","Upgrade Collector","https://wiki.leagueoflegends.com/en-us/Arena/Augments","False"
"wiki-upgrade-hubris","upgrade-hubris","오만 업그레이드","1","icons/wiki-upgrade-hubris.png","https://raw.communitydragon.org/latest/game/assets/ux/kiwi/augments/icons/upgradehubris_large.png","Upgrade Hubris","오만 업그레이드","Upgrade Hubris","https://wiki.leagueoflegends.com/en-us/Arena/Augments","False"
"wiki-upgrade-sword-of-blossoming-dawn","upgrade-sword-of-blossoming-dawn","꽃피는 새벽의 검 업그레이드","2","icons/wiki-upgrade-sword-of-blossoming-dawn.png","https://wiki.leagueoflegends.com/en-us/images/thumb/Upgrade_Sword_of_Blossoming_Dawn_ar_augment.png/80px-Upgrade_Sword_of_Blossoming_Dawn_ar_augment.png?ddfe4","Upgrade Sword of Blossoming Dawn","꽃피는 새벽의 검 업그레이드","Upgrade Sword of Blossoming Dawn","https://wiki.leagueoflegends.com/en-us/Arena/Augments","False"
"wiki-veil-of-warding","veil-of-warding","감시의 장막","0","icons/wiki-veil-of-warding.png","https://wiki.leagueoflegends.com/en-us/images/thumb/Veil_of_Warding_ar_augment.png/80px-Veil_of_Warding_ar_augment.png?12cae","Veil of Warding","감시의 장막","Veil of Warding","https://wiki.leagueoflegends.com/en-us/Arena/Augments","False"
"wiki-weighted-popoffs","weighted-popoffs","중량 폭주","0","icons/wiki-weighted-popoffs.png","https://raw.communitydragon.org/latest/game/assets/ux/kiwi/augments/icons/weightedpopoffs_large.png","Weighted Popoffs","중량 폭주","Weighted Popoffs","https://wiki.leagueoflegends.com/en-us/Arena/Augments","False"
"wiki-wild-fire","wild-fire","야생 불꽃","2","icons/wiki-wild-fire.png","https://raw.communitydragon.org/latest/game/assets/ux/cherry/augments/icons/wild_fire.png","Wild Fire","야생 불꽃","Wild Fire","https://wiki.leagueoflegends.com/en-us/Arena/Augments","False"
"wiki-wind-beneath-blade","wind-beneath-blade","칼날 아래 바람","0","icons/wiki-wind-beneath-blade.png","https://raw.communitydragon.org/latest/game/assets/ux/kiwi/augments/icons/windbeneathblade_large.png","Wind Beneath Blade","칼날 아래 바람","Wind Beneath Blade","https://wiki.leagueoflegends.com/en-us/Arena/Augments","False"
"wiki-zealot","zealot","광신자","0","icons/wiki-zealot.png","https://raw.communitydragon.org/latest/game/assets/ux/kiwi/augments/icons/zealot_large.png","Zealot","광신자","Zealot","https://wiki.leagueoflegends.com/en-us/Arena/Augments","False"
"1420","Sonata","소나타","1","icons/1420-sonata.png","https://raw.communitydragon.org/latest/game/assets/ux/kiwi/augments/icons/sonata_large.png","Sonata","소나타",,,"False"
"2134","SurgeField","방출 역장","2","icons/2134-surgefield.png","https://raw.communitydragon.org/latest/game/assets/ux/kiwi/augments/icons/surgefield_large.png","Surge Field","방출 역장",,,"False"
"2099","ARAM_DivineDomain","초월 의식","2","icons/2099-aram-divinedomain.png","https://raw.communitydragon.org/latest/game/assets/ux/kiwi/augments/icons/glasscannon_large.png","Divine Domain","초월 의식",,,"False"
"2032","FishBait","상어 미끼","1","icons/2032-fishbait.png","https://raw.communitydragon.org/latest/game/assets/ux/kiwi/augments/icons/fishbait_large.png","Fish Bait","상어 미끼",,,"False"
"1001","ARAM_ImTheJuggernaut","거인의 결의","2","icons/1001-aram-imthejuggernaut.png","https://raw.communitydragon.org/latest/game/assets/ux/kiwi/augments/icons/iamthejuggernaut_large.png","Titan's Resolve","거인의 결의",,,"False"
"2132","WarlockJuicebox","마도사의 주스 상자","1","icons/2132-warlockjuicebox.png","https://raw.communitydragon.org/latest/game/assets/ux/kiwi/augments/icons/warlockjuicebox_large.png","Warlock Juicebox","마도사의 주스 상자",,,"False"
"1005","ARAM_WeeWooWeeWoo","삐뽀삐뽀","1","icons/1005-aram-weewooweewoo.png","https://raw.communitydragon.org/latest/game/assets/ux/kiwi/augments/icons/weewooweewoo_large.png","Wee Woo Wee Woo","삐뽀삐뽀",,,"False"
"2107","ARAM_Hellbent","열의","2","icons/2107-aram-hellbent.png","https://raw.communitydragon.org/latest/game/assets/ux/kiwi/augments/icons/hellbent_large.png","Hellbent","열의",,,"False"
"2024","CritNCast","치명적 가속","0","icons/2024-critncast.png","https://raw.communitydragon.org/latest/game/assets/ux/kiwi/augments/icons/critncast_large.png","Crit 'n Cast","치명적 가속",,,"False"
"396","DeathDealer","죽음의 사도","2","icons/396-deathdealer.png","https://raw.communitydragon.org/latest/game/assets/ux/kiwi/augments/icons/death_dealer_small.png","Death Dealer","죽음의 사도",,,"False"
"2087","ARAM_Archmage","대마법사","2","icons/2087-aram-archmage.png","https://raw.communitydragon.org/latest/game/assets/ux/cherry/augments/icons/eureka_large.png","Archmage","대마법사",,,"False"
"397","GotThatDogInEm","불맛 핫도그","2","icons/397-gotthatdoginem.png","https://raw.communitydragon.org/latest/game/assets/ux/kiwi/augments/icons/got_that_dog_small.png","Got That Dog In Em","불맛 핫도그",,,"False"
"2043","NatureIsHealing","자연의 회복","1","icons/2043-natureishealing.png","https://raw.communitydragon.org/latest/game/assets/ux/kiwi/augments/icons/natureishealing_large.png","Nature Is Healing","자연의 회복",,,"False"
