"id","name","nameKo","nameEn","category","icon","iconUrl","patch","rarity"
"2142","힘의 주스","힘의 주스","Juice of Power","consumable","consumable/2142-arena.png","https://raw.communitydragon.org/latest/plugins/rcp-be-lol-game-data/global/default/assets/items/icons2d/icon_item_souljuice_abilitypowerattackdamage.png","16.19.1",""
"2143","활력의 주스","활력의 주스","Juice of Vitality","consumable","consumable/2143-arena.png","https://raw.communitydragon.org/latest/plugins/rcp-be-lol-game-data/global/default/assets/items/icons2d/icons_souljuice_green.png","16.19.1",""
"2144","가속의 주스","가속의 주스","Juice of Haste","consumable","consumable/2144-arena.png","https://raw.communitydragon.org/latest/plugins/rcp-be-lol-game-data/global/default/assets/items/icons2d/icons_souljuice_yellow.png","16.19.1",""
"3430","파멸의식 고서","파멸의식 고서","Rite Of Ruin","legendary","legendary/3430-arena.png","https://raw.communitydragon.org/latest/plugins/rcp-be-lol-game-data/global/default/assets/items/icons2d/3430_riteofruin.png","16.19.1",""
"4010","핏빛 저주","핏빛 저주","Bloodletter's Curse","legendary","legendary/4010-arena.png","https://raw.communitydragon.org/latest/plugins/rcp-be-lol-game-data/global/default/assets/items/icons2d/8010_bloodletterscurse.png","16.19.1",""
"4011","꽃피는 새벽의 검","꽃피는 새벽의 검","Sword of Blossoming Dawn","legendary","legendary/4011-arena.png","https://raw.communitydragon.org/latest/plugins/rcp-be-lol-game-data/global/default/assets/items/icons2d/4011_swordofblossomingdawn.png","16.19.1",""
"4015","당혹","당혹","Perplexity","legendary","legendary/4015-arena.png","https://raw.communitydragon.org/latest/plugins/rcp-be-lol-game-data/global/default/assets/items/icons2d/4015_perplexity.png","16.19.1",""
"4016","무언의 서약","무언의 서약","Wordless Promise","legendary","legendary/4016-arena.png","https://raw.communitydragon.org/latest/plugins/rcp-be-lol-game-data/global/default/assets/items/icons2d/4016_wordlesspromise.png","16.19.1",""
"4017","지옥불 손도끼","지옥불 손도끼","Hellfire Hatchet","legendary","legendary/4017-arena.png","https://raw.communitydragon.org/latest/plugins/rcp-be-lol-game-data/global/default/assets/items/icons2d/4017_hellfirehatchet.png","16.19.1",""
"220000","추가 능력치","추가 능력치","Stat Bonus","anvil","anvil/220000-stat-bonus.png","https://raw.communitydragon.org/latest/plugins/rcp-be-lol-game-data/global/default/assets/items/icons2d/220000_statanvil.png","16.19.1",""
"220001","전설 전사 아이템","전설 전사 아이템","Legendary Fighter Item","anvil","anvil/220001-legendary-fighter-item.png","https://raw.communitydragon.org/latest/plugins/rcp-be-lol-game-data/global/default/assets/items/icons2d/220001_fighteranvil.png","16.19.1",""
"220002","전설 원거리 딜러 아이템","전설 원거리 딜러 아이템","Legendary Marksman Item","anvil","anvil/220002-legendary-marksman-item.png","https://raw.communitydragon.org/latest/plugins/rcp-be-lol-game-data/global/default/assets/items/icons2d/220002_marksmananvil.png","16.19.1",""
"220003","전설 암살자 아이템","전설 암살자 아이템","Legendary Assassin Item","anvil","anvil/220003-legendary-assassin-item.png","https://raw.communitydragon.org/latest/plugins/rcp-be-lol-game-data/global/default/assets/items/icons2d/220003_assassinanvil.png","16.19.1",""
"220004","전설 마법사 아이템","전설 마법사 아이템","Legendary Mage Item","anvil","anvil/220004-legendary-mage-item.png","https://raw.communitydragon.org/latest/plugins/rcp-be-lol-game-data/global/default/assets/items/icons2d/220004_mageanvil.png","16.19.1",""
"220005","전설 탱커 아이템","전설 탱커 아이템","Legendary Tank Item","anvil","anvil/220005-legendary-tank-item.png","https://raw.communitydragon.org/latest/plugins/rcp-be-lol-game-data/global/default/assets/items/icons2d/220005_tankanvil.png","16.19.1",""
"220006","전설 서포터 아이템","전설 서포터 아이템","Legendary Support Item","anvil","anvil/220006-legendary-support-item.png","https://raw.communitydragon.org/latest/plugins/rcp-be-lol-game-data/global/default/assets/items/icons2d/220006_supportanvil.png","16.19.1",""
"220007","프리즘 아이템","프리즘 아이템","Prismatic Item","anvil","anvil/220007-prismatic-item.png","https://raw.communitydragon.org/latest/plugins/rcp-be-lol-game-data/global/default/assets/items/icons2d/220007_prismaticanvil.png","16.19.1",""
"222065","슈렐리아의 군가","슈렐리아의 군가","Shurelya's Battlesong","legendary","legendary/222065-arena.png","https://raw.communitydragon.org/latest/plugins/rcp-be-lol-game-data/global/default/assets/items/icons2d/2065_tank_t4_shurelyasbattlesong.png","16.19.1",""
"222502","끝없는 절망","끝없는 절망","Unending Despair","legendary","legendary/222502-arena.png","https://raw.communitydragon.org/latest/plugins/rcp-be-lol-game-data/global/default/assets/items/icons2d/2502_unendingdespair.png","16.19.1",""
"222503","어둠불꽃 횃불","어둠불꽃 횃불","Blackfire Torch","legendary","legendary/222503-arena.png","https://raw.communitydragon.org/latest/plugins/rcp-be-lol-game-data/global/default/assets/items/icons2d/2503_blackfiretorch64.png","16.19.1",""
"222504","케이닉 루컨","케이닉 루컨","Kaenic Rookern","legendary","legendary/222504-arena.png","https://raw.communitydragon.org/latest/plugins/rcp-be-lol-game-data/global/default/assets/items/icons2d/2504_kaenicrookern.png","16.19.1",""
"222510","황혼과 새벽","황혼과 새벽","Dusk and Dawn","legendary","legendary/222510-arena.png","https://raw.communitydragon.org/latest/plugins/rcp-be-lol-game-data/global/default/assets/items/icons2d/2510_apfightersheen.png","16.19.1",""
"222512","악마사냥꾼의 화살","악마사냥꾼의 화살","Fiendhunter Bolts","legendary","legendary/222512-arena.png","https://raw.communitydragon.org/latest/plugins/rcp-be-lol-game-data/global/default/assets/items/icons2d/2512_adcallin.png","16.19.1",""
"222517","끝없는 갈망","끝없는 갈망","Endless Hunger","legendary","legendary/222517-arena.png","https://raw.communitydragon.org/latest/plugins/rcp-be-lol-game-data/global/default/assets/items/icons2d/2517_adfighteromnivamp.png","16.19.1",""
"222522","실체화 장비","실체화 장비","Actualizer","legendary","legendary/222522-arena.png","https://raw.communitydragon.org/latest/plugins/rcp-be-lol-game-data/global/default/assets/items/icons2d/2522_manaactive.png","16.19.1",""
"222523","마법광학 장치 C44","마법광학 장치 C44","Hexoptics C44","legendary","legendary/222523-arena.png","https://raw.communitydragon.org/latest/plugins/rcp-be-lol-game-data/global/default/assets/items/icons2d/2523_adcscope.png","16.19.1",""
"222524","밴들파이프","밴들파이프","Bandlepipes","legendary","legendary/222524-arena.png","https://raw.communitydragon.org/latest/plugins/rcp-be-lol-game-data/global/default/assets/items/icons2d/2524_tankasaura.png","16.19.1",""
"222525","원형질 안전벨트","원형질 안전벨트","Protoplasm Harness","legendary","legendary/222525-arena.png","https://raw.communitydragon.org/latest/plugins/rcp-be-lol-game-data/global/default/assets/items/icons2d/2525_tanklifeline.png","16.19.1",""
"222526","속삭이는 머리띠","속삭이는 머리띠","Whispering Circlet","legendary","legendary/222526-arena.png","https://raw.communitydragon.org/latest/plugins/rcp-be-lol-game-data/global/default/assets/items/icons2d/2526_enchantertearbase.png","16.19.1",""
"223003","대천사의 지팡이","대천사의 지팡이","Archangel's Staff","legendary","legendary/223003-arena.png","https://raw.communitydragon.org/latest/plugins/rcp-be-lol-game-data/global/default/assets/items/icons2d/3003_mage_t3_archangelstaff.png","16.19.1",""
"223004","마나무네","마나무네","Manamune","legendary","legendary/223004-arena.png","https://raw.communitydragon.org/latest/plugins/rcp-be-lol-game-data/global/default/assets/items/icons2d/3004_marksman_t3_manamune.png","16.19.1",""
"223026","수호 천사","수호 천사","Guardian Angel","legendary","legendary/223026-arena.png","https://raw.communitydragon.org/latest/plugins/rcp-be-lol-game-data/global/default/assets/items/icons2d/3026_fighter_t3_guardianangel.png","16.19.1",""
"223031","무한의 대검","무한의 대검","Infinity Edge","legendary","legendary/223031-arena.png","https://raw.communitydragon.org/latest/plugins/rcp-be-lol-game-data/global/default/assets/items/icons2d/3031_marksman_t3_infinityedge.png","16.19.1",""
"223032","윤 탈 야생화살","윤 탈 야생화살","Yun Tal Wildarrows","legendary","legendary/223032-arena.png","https://raw.communitydragon.org/latest/plugins/rcp-be-lol-game-data/global/default/assets/items/icons2d/3032_yuntalwildarrows.png","16.19.1",""
"223033","필멸자의 운명","필멸자의 운명","Mortal Reminder","legendary","legendary/223033-arena.png","https://raw.communitydragon.org/latest/plugins/rcp-be-lol-game-data/global/default/assets/items/icons2d/3033_marksman_t3_mortalreminder.png","16.19.1",""
"223036","도미닉 경의 인사","도미닉 경의 인사","Lord Dominik's Regards","legendary","legendary/223036-arena.png","https://raw.communitydragon.org/latest/plugins/rcp-be-lol-game-data/global/default/assets/items/icons2d/3036_marksman_t3_dominikregards.png","16.19.1",""
"223039","아트마의 심판","아트마의 심판","Atma's Reckoning","legendary","legendary/223039-arena.png","https://raw.communitydragon.org/latest/plugins/rcp-be-lol-game-data/global/default/assets/items/icons2d/3005_fighter_t3_atmasreckoning.png","16.19.1",""
"223040","대천사의 포옹","대천사의 포옹","Seraph's Embrace","legendary","legendary/223040-transformed.png","https://raw.communitydragon.org/latest/plugins/rcp-be-lol-game-data/global/default/assets/items/icons2d/3048_mage_t3_seraphsembrace.png","16.19.1",""
"223042","무라마나","무라마나","Muramana","legendary","legendary/223042-transformed.png","https://raw.communitydragon.org/latest/plugins/rcp-be-lol-game-data/global/default/assets/items/icons2d/3042_marksman_t3_muramana.png","16.19.1",""
"223046","유령 무희","유령 무희","Phantom Dancer","legendary","legendary/223046-arena.png","https://raw.communitydragon.org/latest/plugins/rcp-be-lol-game-data/global/default/assets/items/icons2d/3046_marksman_t3_phantomdancer.png","16.19.1",""
"223050","지크의 융합","지크의 융합","Zeke's Convergence","legendary","legendary/223050-arena.png","https://raw.communitydragon.org/latest/plugins/rcp-be-lol-game-data/global/default/assets/items/icons2d/3050_enchanter_t3_zekesconvergence.png","16.19.1",""
"223053","스테락의 도전","스테락의 도전","Sterak's Gage","legendary","legendary/223053-arena.png","https://raw.communitydragon.org/latest/plugins/rcp-be-lol-game-data/global/default/assets/items/icons2d/3053_steraks_gage.png","16.19.1",""
"223065","정령의 형상","정령의 형상","Spirit Visage","legendary","legendary/223065-arena.png","https://raw.communitydragon.org/latest/plugins/rcp-be-lol-game-data/global/default/assets/items/icons2d/3065_tank_t3_spiritvisage.png","16.19.1",""
"223068","태양불꽃 방패","태양불꽃 방패","Sunfire Aegis","legendary","legendary/223068-arena.png","https://raw.communitydragon.org/latest/plugins/rcp-be-lol-game-data/global/default/assets/items/icons2d/3068_tank_t4_sunfireaegis.png","16.19.1",""
"223071","칠흑의 양날 도끼","칠흑의 양날 도끼","Black Cleaver","legendary","legendary/223071-arena.png","https://raw.communitydragon.org/latest/plugins/rcp-be-lol-game-data/global/default/assets/items/icons2d/3071_fighter_t3_blackcleaver.png","16.19.1",""
"223072","피바라기","피바라기","Bloodthirster","legendary","legendary/223072-arena.png","https://raw.communitydragon.org/latest/plugins/rcp-be-lol-game-data/global/default/assets/items/icons2d/3072_fighter_t3_bloodthirster.png","16.19.1",""
"223073","실험적 마공학판","실험적 마공학판","Experimental Hexplate","legendary","legendary/223073-arena.png","https://raw.communitydragon.org/latest/plugins/rcp-be-lol-game-data/global/default/assets/items/icons2d/3073_hexaegis.png","16.19.1",""
"223074","굶주린 히드라","굶주린 히드라","Ravenous Hydra","legendary","legendary/223074-arena.png","https://raw.communitydragon.org/latest/plugins/rcp-be-lol-game-data/global/default/assets/items/icons2d/3074_fighter_t3_ravenoushydra.png","16.19.1",""
"223075","가시 갑옷","가시 갑옷","Thornmail","legendary","legendary/223075-arena.png","https://raw.communitydragon.org/latest/plugins/rcp-be-lol-game-data/global/default/assets/items/icons2d/3075_tank_t3_thornmail.png","16.19.1",""
"223078","삼위일체","삼위일체","Trinity Force","legendary","legendary/223078-arena.png","https://raw.communitydragon.org/latest/plugins/rcp-be-lol-game-data/global/default/assets/items/icons2d/3078_fighter_t4_trinityforce.png","16.19.1",""
"223084","강철심장","강철심장","Heartsteel","legendary","legendary/223084-arena.png","https://raw.communitydragon.org/latest/plugins/rcp-be-lol-game-data/global/default/assets/items/icons2d/3084_tank_t4_heartsteel.png","16.19.1",""
"223085","루난의 허리케인","루난의 허리케인","Runaan's Hurricane","legendary","legendary/223085-arena.png","https://raw.communitydragon.org/latest/plugins/rcp-be-lol-game-data/global/default/assets/items/icons2d/3085_marksman_t3_runaans.png","16.19.1",""
"223087","스태틱의 단검","스태틱의 단검","Statikk Shiv","legendary","legendary/223087-arena.png","https://raw.communitydragon.org/latest/plugins/rcp-be-lol-game-data/global/default/assets/items/icons2d/3087_statikk_shiv.png","16.19.1",""
"223089","라바돈의 죽음모자","라바돈의 죽음모자","Rabadon's Deathcap","legendary","legendary/223089-arena.png","https://raw.communitydragon.org/latest/plugins/rcp-be-lol-game-data/global/default/assets/items/icons2d/3089_mage_t3_deathcap.png","16.19.1",""
"223091","마법사의 최후","마법사의 최후","Wit's End","legendary","legendary/223091-arena.png","https://raw.communitydragon.org/latest/plugins/rcp-be-lol-game-data/global/default/assets/items/icons2d/3091_fighter_t3_witsend.png","16.19.1",""
"223094","고속 연사포","고속 연사포","Rapid Firecannon","legendary","legendary/223094-arena.png","https://raw.communitydragon.org/latest/plugins/rcp-be-lol-game-data/global/default/assets/items/icons2d/3094_marksman_t3_rapidfirehandcannon.png","16.19.1",""
"223095","폭풍갈퀴","폭풍갈퀴","Stormrazor","legendary","legendary/223095-arena.png","https://raw.communitydragon.org/latest/plugins/rcp-be-lol-game-data/global/default/assets/items/icons2d/3095_windblade.png","16.19.1",""
"223100","리치베인","리치베인","Lich Bane","legendary","legendary/223100-arena.png","https://raw.communitydragon.org/latest/plugins/rcp-be-lol-game-data/global/default/assets/items/icons2d/3100_mage_t3_lichbane.png","16.19.1",""
"223102","밴시의 장막","밴시의 장막","Banshee's Veil","legendary","legendary/223102-arena.png","https://raw.communitydragon.org/latest/plugins/rcp-be-lol-game-data/global/default/assets/items/icons2d/3102_mage_t3_bansheesveil.png","16.19.1",""
"223107","구원","구원","Redemption","legendary","legendary/223107-arena.png","https://raw.communitydragon.org/latest/plugins/rcp-be-lol-game-data/global/default/assets/items/icons2d/3107_enchanter_t3_redemption.png","16.19.1",""
"223109","기사의 맹세","기사의 맹세","Knight's Vow","legendary","legendary/223109-arena.png","https://raw.communitydragon.org/latest/plugins/rcp-be-lol-game-data/global/default/assets/items/icons2d/3109_tank_t3_knightsvow.png","16.19.1",""
"223110","얼어붙은 심장","얼어붙은 심장","Frozen Heart","legendary","legendary/223110-arena.png","https://raw.communitydragon.org/latest/plugins/rcp-be-lol-game-data/global/default/assets/items/icons2d/3110_tank_t3_frozenheart.png","16.19.1",""
"223115","내셔의 이빨","내셔의 이빨","Nashor's Tooth","legendary","legendary/223115-arena.png","https://raw.communitydragon.org/latest/plugins/rcp-be-lol-game-data/global/default/assets/items/icons2d/3115_mage_t3_nashorstooth.png","16.19.1",""
"223116","라일라이의 수정홀","라일라이의 수정홀","Rylai's Crystal Scepter","legendary","legendary/223116-arena.png","https://raw.communitydragon.org/latest/plugins/rcp-be-lol-game-data/global/default/assets/items/icons2d/3116_mage_t3_rylajscrystalscepter.png","16.19.1",""
"223118","악의","악의","Malignance","legendary","legendary/223118-arena.png","https://raw.communitydragon.org/latest/plugins/rcp-be-lol-game-data/global/default/assets/items/icons2d/3118_malignance.png","16.19.1",""
"223119","혹한의 손길","혹한의 손길","Winter's Approach","legendary","legendary/223119-arena.png","https://raw.communitydragon.org/latest/plugins/rcp-be-lol-game-data/global/default/assets/items/icons2d/3119_wintersapproach.png","16.19.1",""
"223121","종말의 겨울","종말의 겨울","Fimbulwinter","legendary","legendary/223121-transformed.png","https://raw.communitydragon.org/latest/plugins/rcp-be-lol-game-data/global/default/assets/items/icons2d/3121_fimbulwinter.png","16.19.1",""
"223124","구인수의 격노검","구인수의 격노검","Guinsoo's Rageblade","legendary","legendary/223124-arena.png","https://raw.communitydragon.org/latest/plugins/rcp-be-lol-game-data/global/default/assets/items/icons2d/3124_marksman_t3_guinsoosrageblade.png","16.19.1",""
"223135","공허의 지팡이","공허의 지팡이","Void Staff","legendary","legendary/223135-arena.png","https://raw.communitydragon.org/latest/plugins/rcp-be-lol-game-data/global/default/assets/items/icons2d/3135_mage_t3_voidstaff.png","16.19.1",""
"223137","무덤꽃","무덤꽃","Cryptbloom","legendary","legendary/223137-arena.png","https://raw.communitydragon.org/latest/plugins/rcp-be-lol-game-data/global/default/assets/items/icons2d/3137_cryptbloom.png","16.19.1",""
"223139","헤르메스의 시미터","헤르메스의 시미터","Mercurial Scimitar","legendary","legendary/223139-arena.png","https://raw.communitydragon.org/latest/plugins/rcp-be-lol-game-data/global/default/assets/items/icons2d/3139_marksman_t3_mercurialscimitar.png","16.19.1",""
"223142","요우무의 유령검","요우무의 유령검","Youmuu's Ghostblade","legendary","legendary/223142-arena.png","https://raw.communitydragon.org/latest/plugins/rcp-be-lol-game-data/global/default/assets/items/icons2d/3142_assassin_t3_youmuusghostblade.png","16.19.1",""
"223143","란두인의 예언","란두인의 예언","Randuin's Omen","legendary","legendary/223143-arena.png","https://raw.communitydragon.org/latest/plugins/rcp-be-lol-game-data/global/default/assets/items/icons2d/3143_tank_t3_randuinsomen.png","16.19.1",""
"223146","마법공학 총검","마법공학 총검","Hextech Gunblade","legendary","legendary/223146-arena.png","https://raw.communitydragon.org/latest/plugins/rcp-be-lol-game-data/global/default/assets/items/icons2d/3146_hextechgunblade.png","16.19.1",""
"223152","마법공학 로켓 벨트","마법공학 로켓 벨트","Hextech Rocketbelt","legendary","legendary/223152-arena.png","https://raw.communitydragon.org/latest/plugins/rcp-be-lol-game-data/global/default/assets/items/icons2d/3152_mage_t4_hextechrocketbelt.png","16.19.1",""
"223153","몰락한 왕의 검","몰락한 왕의 검","Blade of The Ruined King","legendary","legendary/223153-arena.png","https://raw.communitydragon.org/latest/plugins/rcp-be-lol-game-data/global/default/assets/items/icons2d/3153_fighter_t3_bladeoftheruinedking.png","16.19.1",""
"223156","맬모셔스의 아귀","맬모셔스의 아귀","Maw of Malmortius","legendary","legendary/223156-arena.png","https://raw.communitydragon.org/latest/plugins/rcp-be-lol-game-data/global/default/assets/items/icons2d/3156_fighter_t3_mawofmalmortius.png","16.19.1",""
"223157","존야의 모래시계","존야의 모래시계","Zhonya's Hourglass","legendary","legendary/223157-arena.png","https://raw.communitydragon.org/latest/plugins/rcp-be-lol-game-data/global/default/assets/items/icons2d/3157_mage_t3_zhonyashourglass.png","16.19.1",""
"223161","쇼진의 창","쇼진의 창","Spear of Shojin","legendary","legendary/223161-arena.png","https://raw.communitydragon.org/latest/plugins/rcp-be-lol-game-data/global/default/assets/items/icons2d/3161_fighter_t3_spearofshojin.png","16.19.1",""
"223165","모렐로노미콘","모렐로노미콘","Morellonomicon","legendary","legendary/223165-arena.png","https://raw.communitydragon.org/latest/plugins/rcp-be-lol-game-data/global/default/assets/items/icons2d/3165_mage_t3_morellonomicon.png","16.19.1",""
"223172","서풍","서풍","Zephyr","legendary","legendary/223172-arena.png","https://raw.communitydragon.org/latest/plugins/rcp-be-lol-game-data/global/default/assets/items/icons2d/3172_zephyr.png","16.19.1",""
"223181","선체파괴자","선체파괴자","Hullbreaker","legendary","legendary/223181-arena.png","https://raw.communitydragon.org/latest/plugins/rcp-be-lol-game-data/global/default/assets/items/icons2d/3181_hullbreaker.png","16.19.1",""
"223190","강철의 솔라리 펜던트","강철의 솔라리 펜던트","Locket of the Iron Solari","legendary","legendary/223190-arena.png","https://raw.communitydragon.org/latest/plugins/rcp-be-lol-game-data/global/default/assets/items/icons2d/3190_enchanter_t4_locketofironsolari.png","16.19.1",""
"223222","미카엘의 축복","미카엘의 축복","Mikael's Blessing","legendary","legendary/223222-arena.png","https://raw.communitydragon.org/latest/plugins/rcp-be-lol-game-data/global/default/assets/items/icons2d/3222_enchanter_t3_mikaelsblessing.png","16.19.1",""
"223302","경계","경계","Terminus","legendary","legendary/223302-arena.png","https://raw.communitydragon.org/latest/plugins/rcp-be-lol-game-data/global/default/assets/items/icons2d/3302_terminus.png","16.19.1",""
"223504","불타는 향로","불타는 향로","Ardent Censer","legendary","legendary/223504-arena.png","https://raw.communitydragon.org/latest/plugins/rcp-be-lol-game-data/global/default/assets/items/icons2d/3504_enchanter_t3_ardentcenser.png","16.19.1",""
"223508","정수 약탈자","정수 약탈자","Essence Reaver","legendary","legendary/223508-arena.png","https://raw.communitydragon.org/latest/plugins/rcp-be-lol-game-data/global/default/assets/items/icons2d/3508_marksman_t3_essencereaver.png","16.19.1",""
"223742","망자의 갑옷","망자의 갑옷","Dead Man's Plate","legendary","legendary/223742-arena.png","https://raw.communitydragon.org/latest/plugins/rcp-be-lol-game-data/global/default/assets/items/icons2d/3742_tank_t3_deadmansplate.png","16.19.1",""
"223748","거대한 히드라","거대한 히드라","Titanic Hydra","legendary","legendary/223748-arena.png","https://raw.communitydragon.org/latest/plugins/rcp-be-lol-game-data/global/default/assets/items/icons2d/3748_fighter_t3_titanichydra.png","16.19.1",""
"223814","밤의 끝자락","밤의 끝자락","Edge of Night","legendary","legendary/223814-arena.png","https://raw.communitydragon.org/latest/plugins/rcp-be-lol-game-data/global/default/assets/items/icons2d/3814_assassin_t3_edgeofnight.png","16.19.1",""
"224004","망령 해적검","망령 해적검","Spectral Cutlass","legendary","legendary/224004-arena.png","https://raw.communitydragon.org/latest/plugins/rcp-be-lol-game-data/global/default/assets/items/icons2d/4004_assassin_t3_spectralcutlass.png","16.19.1",""
"224005","제국의 명령","제국의 명령","Imperial Mandate","legendary","legendary/224005-arena.png","https://raw.communitydragon.org/latest/plugins/rcp-be-lol-game-data/global/default/assets/items/icons2d/4005_enchanter_t4_imperialmandate.png","16.19.1",""
"224401","대자연의 힘","대자연의 힘","Force of Nature","legendary","legendary/224401-arena.png","https://raw.communitydragon.org/latest/plugins/rcp-be-lol-game-data/global/default/assets/items/icons2d/4401_tank_t3_forceofnature.png","16.19.1",""
"224403","황금 뒤집개","황금 뒤집개","The Golden Spatula","legendary","legendary/224403-arena.png","https://raw.communitydragon.org/latest/plugins/rcp-be-lol-game-data/global/default/assets/items/icons2d/4403_goldenspatula.png","16.19.1",""
"224628","지평선의 초점","지평선의 초점","Horizon Focus","legendary","legendary/224628-arena.png","https://raw.communitydragon.org/latest/plugins/rcp-be-lol-game-data/global/default/assets/items/icons2d/4628_mage_t3_horizonfocus.png","16.19.1",""
"224629","우주의 추진력","우주의 추진력","Cosmic Drive","legendary","legendary/224629-arena.png","https://raw.communitydragon.org/latest/plugins/rcp-be-lol-game-data/global/default/assets/items/icons2d/4629_mage_t3_cosmicdrive.png","16.19.1",""
"224633","균열 생성기","균열 생성기","Riftmaker","legendary","legendary/224633-arena.png","https://raw.communitydragon.org/latest/plugins/rcp-be-lol-game-data/global/default/assets/items/icons2d/4633_mage_t4_riftmaker.png","16.19.1",""
"224645","그림자불꽃","그림자불꽃","Shadowflame","legendary","legendary/224645-arena.png","https://raw.communitydragon.org/latest/plugins/rcp-be-lol-game-data/global/default/assets/items/icons2d/4645_shadowflame.png","16.19.1",""
"224646","폭풍 쇄도","폭풍 쇄도","Stormsurge","legendary","legendary/224646-arena.png","https://raw.communitydragon.org/latest/plugins/rcp-be-lol-game-data/global/default/assets/items/icons2d/4646_stormsurge.png","16.19.1",""
"226333","죽음의 무도","죽음의 무도","Death's Dance","legendary","legendary/226333-arena.png","https://raw.communitydragon.org/latest/plugins/rcp-be-lol-game-data/global/default/assets/items/icons2d/6333_fighter_t3_deathsdance.png","16.19.1",""
"226609","화공 펑크 사슬검","화공 펑크 사슬검","Chempunk Chainsword","legendary","legendary/226609-arena.png","https://raw.communitydragon.org/latest/plugins/rcp-be-lol-game-data/global/default/assets/items/icons2d/6609_fighter_t3_chempunkchainsword.png","16.19.1",""
"226610","갈라진 하늘","갈라진 하늘","Sundered Sky","legendary","legendary/226610-arena.png","https://raw.communitydragon.org/latest/plugins/rcp-be-lol-game-data/global/default/assets/items/icons2d/6610_sunderedsky.png","16.19.1",""
"226616","흐르는 물의 지팡이","흐르는 물의 지팡이","Staff of Flowing Water","legendary","legendary/226616-arena.png","https://raw.communitydragon.org/latest/plugins/rcp-be-lol-game-data/global/default/assets/items/icons2d/3744_enchanter_t3_staffofflowingwater.png","16.19.1",""
"226617","월석 재생기","월석 재생기","Moonstone Renewer","legendary","legendary/226617-arena.png","https://raw.communitydragon.org/latest/plugins/rcp-be-lol-game-data/global/default/assets/items/icons2d/6617_enchanter_t4_moonstonerenewer.png","16.19.1",""
"226620","헬리아의 메아리","헬리아의 메아리","Echoes of Helia","legendary","legendary/226620-arena.png","https://raw.communitydragon.org/latest/plugins/rcp-be-lol-game-data/global/default/assets/items/icons2d/6620_echoes_of_helia.png","16.19.1",""
"226621","새벽심장","새벽심장","Dawncore","legendary","legendary/226621-arena.png","https://raw.communitydragon.org/latest/plugins/rcp-be-lol-game-data/global/default/assets/items/icons2d/6621_dawncore.png","16.19.1",""
"226630","선혈포식자","선혈포식자","Goredrinker","prismatic","prismatic/226630-arena.png","https://raw.communitydragon.org/latest/plugins/rcp-be-lol-game-data/global/default/assets/items/icons2d/6630_fighter_t4_goredrinker.png","16.19.1",""
"226631","발걸음 분쇄기","발걸음 분쇄기","Stridebreaker","legendary","legendary/226631-arena.png","https://raw.communitydragon.org/latest/plugins/rcp-be-lol-game-data/global/default/assets/items/icons2d/6631_fighter_t4_stridebreaker.png","16.19.1",""
"226653","리안드리의 고뇌","리안드리의 고뇌","Liandry's Anguish","legendary","legendary/226653-arena.png","https://raw.communitydragon.org/latest/plugins/rcp-be-lol-game-data/global/default/assets/items/icons2d/6653_mage_t4_liandrysanguish.png","16.19.1",""
"226655","루덴의 메아리","루덴의 메아리","Luden's Echo","legendary","legendary/226655-arena.png","https://raw.communitydragon.org/latest/plugins/rcp-be-lol-game-data/global/default/assets/items/icons2d/6655_mage_t4_ludenstempest.png","16.19.1",""
"226657","영겁의 지팡이","영겁의 지팡이","Rod of Ages","legendary","legendary/226657-arena.png","https://raw.communitydragon.org/latest/plugins/rcp-be-lol-game-data/global/default/assets/items/icons2d/6657_mage_t4_rodofages.png","16.19.1",""
"226662","얼어붙은 건틀릿","얼어붙은 건틀릿","Iceborn Gauntlet","legendary","legendary/226662-arena.png","https://raw.communitydragon.org/latest/plugins/rcp-be-lol-game-data/global/default/assets/items/icons2d/6662_tank_t3_iceborngauntlet.png","16.19.1",""
"226664","공허한 광휘","공허한 광휘","Hollow Radiance","legendary","legendary/226664-arena.png","https://raw.communitydragon.org/latest/plugins/rcp-be-lol-game-data/global/default/assets/items/icons2d/6664_hollowradiance.png","16.19.1",""
"226665","해신 작쇼","해신 작쇼","Jak'Sho, The Protean","legendary","legendary/226665-arena.png","https://raw.communitydragon.org/latest/plugins/rcp-be-lol-game-data/global/default/assets/items/icons2d/6665_tank_t4_jakshotheprotean.png","16.19.1",""
"226672","크라켄 학살자","크라켄 학살자","Kraken Slayer","legendary","legendary/226672-arena.png","https://raw.communitydragon.org/latest/plugins/rcp-be-lol-game-data/global/default/assets/items/icons2d/6672_marksman_t4_behemothslayer.png","16.19.1",""
"226673","불멸의 철갑궁","불멸의 철갑궁","Immortal Shieldbow","legendary","legendary/226673-arena.png","https://raw.communitydragon.org/latest/plugins/rcp-be-lol-game-data/global/default/assets/items/icons2d/6673_marksman_t4_crimsonshieldbow.png","16.19.1",""
"226675","나보리 명멸검","나보리 명멸검","Navori Flickerblades","legendary","legendary/226675-arena.png","https://raw.communitydragon.org/latest/plugins/rcp-be-lol-game-data/global/default/assets/items/icons2d/6675_navoriflickerblade.png","16.19.1",""
"226676","징수의 총","징수의 총","The Collector","legendary","legendary/226676-arena.png","https://raw.communitydragon.org/latest/plugins/rcp-be-lol-game-data/global/default/assets/items/icons2d/6676_marksman_t3_thecollector.png","16.19.1",""
"226692","월식","월식","Eclipse","legendary","legendary/226692-arena.png","https://raw.communitydragon.org/latest/plugins/rcp-be-lol-game-data/global/default/assets/items/icons2d/6692_assassin_t4_eclipse.png","16.19.1",""
"226693","자객의 발톱","자객의 발톱","Prowler's Claw","prismatic","prismatic/226693-arena.png","https://raw.communitydragon.org/latest/plugins/rcp-be-lol-game-data/global/default/assets/items/icons2d/6693_assassin_t4_prowlersclaw.png","16.19.1",""
"226694","세릴다의 원한","세릴다의 원한","Serylda's Grudge","legendary","legendary/226694-arena.png","https://raw.communitydragon.org/latest/plugins/rcp-be-lol-game-data/global/default/assets/items/icons2d/6694_assasin_t3_seryldasgrudge.png","16.19.1",""
"226695","독사의 송곳니","독사의 송곳니","Serpent's Fang","legendary","legendary/226695-arena.png","https://raw.communitydragon.org/latest/plugins/rcp-be-lol-game-data/global/default/assets/items/icons2d/6695_assassin_t3_serpentsfang.png","16.19.1",""
"226696","원칙의 원형낫","원칙의 원형낫","Axiom Arc","legendary","legendary/226696-arena.png","https://raw.communitydragon.org/latest/plugins/rcp-be-lol-game-data/global/default/assets/items/icons2d/6696_axiomarc.png","16.19.1",""
"226697","오만","오만","Hubris","legendary","legendary/226697-arena.png","https://raw.communitydragon.org/latest/plugins/rcp-be-lol-game-data/global/default/assets/items/icons2d/6697_hubris.png","16.19.1",""
"226698","불경한 히드라","불경한 히드라","Profane Hydra","legendary","legendary/226698-arena.png","https://raw.communitydragon.org/latest/plugins/rcp-be-lol-game-data/global/default/assets/items/icons2d/6698_profanehydra.png","16.19.1",""
"226699","벼락폭풍검","벼락폭풍검","Voltaic Cyclosword","legendary","legendary/226699-arena.png","https://raw.communitydragon.org/latest/plugins/rcp-be-lol-game-data/global/default/assets/items/icons2d/6699_voltaiccyclosword.png","16.19.1",""
"226701","기회","기회","Opportunity","legendary","legendary/226701-arena.png","https://raw.communitydragon.org/latest/plugins/rcp-be-lol-game-data/global/default/assets/items/icons2d/6701_opportunity.png","16.19.1",""
"228001","증오의 사슬","증오의 사슬","Anathema's Chains","legendary","legendary/228001-arena.png","https://raw.communitydragon.org/latest/plugins/rcp-be-lol-game-data/global/default/assets/items/icons2d/8001_tank_t3_anathemaschains.png","16.19.1",""
"228020","심연의 가면","심연의 가면","Abyssal Mask","legendary","legendary/228020-arena.png","https://raw.communitydragon.org/latest/plugins/rcp-be-lol-game-data/global/default/assets/items/icons2d/8020_tank_t3_abyssalmask.png","16.19.1",""
"443054","흑강철 발톱","흑강철 발톱","Darksteel Talons","prismatic","prismatic/443054-darksteel-talons.png","https://raw.communitydragon.org/latest/plugins/rcp-be-lol-game-data/global/default/assets/items/icons2d/3054_silversteeltalons.png","16.19.1",""
"443055","질책","질책","Fulmination","prismatic","prismatic/443055-fulmination.png","https://raw.communitydragon.org/latest/plugins/rcp-be-lol-game-data/global/default/assets/items/icons2d/3055_fulmination.png","16.19.1",""
"443056","불사대마왕의 왕관","불사대마왕의 왕관","Demon King's Crown","prismatic","prismatic/443056-demon-king-s-crown.png","https://raw.communitydragon.org/latest/plugins/rcp-be-lol-game-data/global/default/assets/items/icons2d/3056_demonkingscrown.png","16.19.1",""
"443058","용암의 방패","용암의 방패","Shield of Molten Stone","prismatic","prismatic/443058-shield-of-molten-stone.png","https://raw.communitydragon.org/latest/plugins/rcp-be-lol-game-data/global/default/assets/items/icons2d/3058_shieldofmoltenstone.png","16.19.1",""
"443059","별빛밤 망토","별빛밤 망토","Cloak of Starry Night","prismatic","prismatic/443059-cloak-of-starry-night.png","https://raw.communitydragon.org/latest/plugins/rcp-be-lol-game-data/global/default/assets/items/icons2d/3059_cloakofstarrynight.png","16.19.1",""
"443060","신성의 검","신성의 검","Sword of the Divine","prismatic","prismatic/443060-sword-of-the-divine.png","https://raw.communitydragon.org/latest/plugins/rcp-be-lol-game-data/global/default/assets/items/icons2d/3131_fighter_t3_swordofthedivine.png","16.19.1",""
"443061","엔트로피의 힘","엔트로피의 힘","Force Of Entropy","prismatic","prismatic/443061-force-of-entropy.png","https://raw.communitydragon.org/latest/plugins/rcp-be-lol-game-data/global/default/assets/items/icons2d/3061_forceofentropy.png","16.19.1",""
"443062","핏빛 선물","핏빛 선물","Sanguine Gift","prismatic","prismatic/443062-sanguine-gift.png","https://raw.communitydragon.org/latest/plugins/rcp-be-lol-game-data/global/default/assets/items/icons2d/3062_sanguinegift.png","16.19.1",""
"443063","일라이자의 기적","일라이자의 기적","Eleisa's Miracle","prismatic","prismatic/443063-eleisa-s-miracle.png","https://raw.communitydragon.org/latest/plugins/rcp-be-lol-game-data/global/default/assets/items/icons2d/3063_elishasmiracle.png","16.19.1",""
"443064","승천의 부적","승천의 부적","Talisman Of Ascension","prismatic","prismatic/443064-talisman-of-ascension.png","https://raw.communitydragon.org/latest/plugins/rcp-be-lol-game-data/global/default/assets/items/icons2d/3064_talismanofascension.png","16.19.1",""
"443069","불귀신","불귀신","Hamstringer","prismatic","prismatic/443069-hamstringer.png","https://raw.communitydragon.org/latest/plugins/rcp-be-lol-game-data/global/default/assets/items/icons2d/3069_hamstringer.png","16.19.1",""
"443079","터보 화공 탱크","터보 화공 탱크","Turbo Chemtank","prismatic","prismatic/443079-turbo-chemtank.png","https://raw.communitydragon.org/latest/plugins/rcp-be-lol-game-data/global/default/assets/items/icons2d/6664_tank_t4_acceleratedchemtank.png","16.19.1",""
"443081","마공화살 동료","마공화살 동료","Hexbolt Companion","prismatic","prismatic/443081-hexbolt-companion.png","https://raw.communitydragon.org/latest/plugins/rcp-be-lol-game-data/global/default/assets/items/icons2d/443081_hexboltcompanion.png","16.19.1",""
"443083","워모그의 갑옷","워모그의 갑옷","Warmog's Armor","prismatic","prismatic/443083-warmog-s-armor.png","https://raw.communitydragon.org/latest/plugins/rcp-be-lol-game-data/global/default/assets/items/icons2d/3083_tank_t3_warmogs.png","16.19.1",""
"443090","사신의 대가","사신의 대가","Reaper's Toll","prismatic","prismatic/443090-reaper-s-toll.png","https://raw.communitydragon.org/latest/plugins/rcp-be-lol-game-data/global/default/assets/items/icons2d/443090_reaperstoll.png","16.19.1",""
"443193","가고일 돌갑옷","가고일 돌갑옷","Gargoyle Stoneplate","prismatic","prismatic/443193-gargoyle-stoneplate.png","https://raw.communitydragon.org/latest/plugins/rcp-be-lol-game-data/global/default/assets/items/icons2d/3193_tank_t3_gargoylestoneplate.png","16.19.1",""
"444636","밤의 수확자","밤의 수확자","Night Harvester","prismatic","prismatic/444636-night-harvester.png","https://raw.communitydragon.org/latest/plugins/rcp-be-lol-game-data/global/default/assets/items/icons2d/4636_mage_t4_nightharvester.png","16.19.1",""
"444637","악마의 포옹","악마의 포옹","Demonic Embrace","prismatic","prismatic/444637-demonic-embrace.png","https://raw.communitydragon.org/latest/plugins/rcp-be-lol-game-data/global/default/assets/items/icons2d/4637_mage_t3_demonicembrace.png","16.19.1",""
"444644","부서진 여왕의 왕관","부서진 여왕의 왕관","Crown of the Shattered Queen","prismatic","prismatic/444644-crown-of-the-shattered-queen.png","https://raw.communitydragon.org/latest/plugins/rcp-be-lol-game-data/global/default/assets/items/icons2d/4644_crown.png","16.19.1",""
"446632","신성한 파괴자","신성한 파괴자","Divine Sunderer","prismatic","prismatic/446632-divine-sunderer.png","https://raw.communitydragon.org/latest/plugins/rcp-be-lol-game-data/global/default/assets/items/icons2d/6632_fighter_t4_divinedevourer.png","16.19.1",""
"446656","만년서리","만년서리","Everfrost","prismatic","prismatic/446656-everfrost.png","https://raw.communitydragon.org/latest/plugins/rcp-be-lol-game-data/global/default/assets/items/icons2d/6656_mage_t4_everfrost.png","16.19.1",""
"446667","광휘의 미덕","광휘의 미덕","Radiant Virtue","prismatic","prismatic/446667-radiant-virtue.png","https://raw.communitydragon.org/latest/plugins/rcp-be-lol-game-data/global/default/assets/items/icons2d/6667_tank_t4_radiantvirtue.png","16.19.1",""
"446671","돌풍","돌풍","Galeforce","prismatic","prismatic/446671-galeforce.png","https://raw.communitydragon.org/latest/plugins/rcp-be-lol-game-data/global/default/assets/items/icons2d/6671_marksman_t4_galeforce.png","16.19.1",""
"446691","드락사르의 황혼검","드락사르의 황혼검","Duskblade of Draktharr","prismatic","prismatic/446691-duskblade-of-draktharr.png","https://raw.communitydragon.org/latest/plugins/rcp-be-lol-game-data/global/default/assets/items/icons2d/6691_assassin_t4_duskbladeofdraktharr.png","16.19.1",""
"447100","신기루 검","신기루 검","Mirage Blade","prismatic","prismatic/447100-mirage-blade.png","https://raw.communitydragon.org/latest/plugins/rcp-be-lol-game-data/global/default/assets/items/icons2d/7100_mirageblade.png","16.19.1",""
"447101","도박꾼의 칼날","도박꾼의 칼날","Gambler's Blade","prismatic","prismatic/447101-gambler-s-blade.png","https://raw.communitydragon.org/latest/plugins/rcp-be-lol-game-data/global/default/assets/items/icons2d/7101_gamblers_blade.png","16.19.1",""
"447102","현실 균열","현실 균열","Reality Fracture","prismatic","prismatic/447102-reality-fracture.png","https://raw.communitydragon.org/latest/plugins/rcp-be-lol-game-data/global/default/assets/items/icons2d/7102_realityfracture.png","16.19.1",""
"447103","혈마법사의 투구","혈마법사의 투구","Hemomancer's Helm","prismatic","prismatic/447103-hemomancer-s-helm.png","https://raw.communitydragon.org/latest/plugins/rcp-be-lol-game-data/global/default/assets/items/icons2d/7103_hemomancershelm.png","16.19.1",""
"447104","활력증진의 펜던트","활력증진의 펜던트","Innervating Locket","prismatic","prismatic/447104-innervating-locket.png","https://raw.communitydragon.org/latest/plugins/rcp-be-lol-game-data/global/default/assets/items/icons2d/3032_innervating_locket.project_jade.png","16.19.1",""
"447105","창공의 서약","창공의 서약","Empyrean Promise","prismatic","prismatic/447105-empyrean-promise.png","https://raw.communitydragon.org/latest/plugins/rcp-be-lol-game-data/global/default/assets/items/icons2d/7105_angelicpromise.png","16.19.1",""
"447106","용의 심장","용의 심장","Dragonheart","prismatic","prismatic/447106-dragonheart.png","https://raw.communitydragon.org/latest/plugins/rcp-be-lol-game-data/global/default/assets/items/icons2d/7106_dragonheart.png","16.19.1",""
"447107","참수자","참수자","Decapitator","prismatic","prismatic/447107-decapitator.png","https://raw.communitydragon.org/latest/plugins/rcp-be-lol-game-data/global/default/assets/items/icons2d/7107_decapitator.png","16.19.1",""
"447108","룬 조각기","룬 조각기","Runecarver","prismatic","prismatic/447108-runecarver.png","https://raw.communitydragon.org/latest/plugins/rcp-be-lol-game-data/global/default/assets/items/icons2d/7108_runecarver.png","16.19.1",""
"447109","잔혹 행위","잔혹 행위","Cruelty","prismatic","prismatic/447109-cruelty.png","https://raw.communitydragon.org/latest/plugins/rcp-be-lol-game-data/global/default/assets/items/icons2d/6035_fighter_t3_silvermeredawn.png","16.19.1",""
"447110","달빛 마법검","달빛 마법검","Moonflair Spellblade","prismatic","prismatic/447110-moonflair-spellblade.png","https://raw.communitydragon.org/latest/plugins/rcp-be-lol-game-data/global/default/assets/items/icons2d/7110_moonflairspellblade.png","16.19.1",""
"447111","지배자의 피갑옷","지배자의 피갑옷","Overlord's Bloodmail","legendary","legendary/447111-arena.png","https://raw.communitydragon.org/latest/plugins/rcp-be-lol-game-data/global/default/assets/items/icons2d/7111_overlordsbloodmail.png","16.19.1",""
"447112","살점포식자","살점포식자","Flesheater","prismatic","prismatic/447112-flesheater.png","https://raw.communitydragon.org/latest/plugins/rcp-be-lol-game-data/global/default/assets/items/icons2d/7112_flesheater.png","16.19.1",""
"447113","폭발의 구","폭발의 구","Detonation Orb","prismatic","prismatic/447113-detonation-orb.png","https://raw.communitydragon.org/latest/plugins/rcp-be-lol-game-data/global/default/assets/items/icons2d/7113_detonationorb.png","16.19.1",""
"447114","반향","반향","Reverberation","prismatic","prismatic/447114-reverberation.png","https://raw.communitydragon.org/latest/plugins/rcp-be-lol-game-data/global/default/assets/items/icons2d/447114_reverberation.png","16.19.1",""
"447115","섭정 시해","섭정 시해","Regicide","prismatic","prismatic/447115-regicide.png","https://raw.communitydragon.org/latest/plugins/rcp-be-lol-game-data/global/default/assets/items/icons2d/447115_regicide.png","16.19.1",""
"447116","킨코우 십수","킨코우 십수","Kinkou Jitte","prismatic","prismatic/447116-kinkou-jitte.png","https://raw.communitydragon.org/latest/plugins/rcp-be-lol-game-data/global/default/assets/items/icons2d/447116_kinkoujitte.png","16.19.1",""
"447118","화염술사의 망토","화염술사의 망토","Pyromancer's Cloak","prismatic","prismatic/447118-pyromancer-s-cloak.png","https://raw.communitydragon.org/latest/plugins/rcp-be-lol-game-data/global/default/assets/items/icons2d/447118_pyromancerscloak.png","16.19.1",""
"447119","번개 막대","번개 막대","Lightning Rod","prismatic","prismatic/447119-lightning-rod.png","https://raw.communitydragon.org/latest/plugins/rcp-be-lol-game-data/global/default/assets/items/icons2d/447119_lightningrod.png","16.19.1",""
"447120","다이아몬드 창","다이아몬드 창","Diamond-Tipped Spear","prismatic","prismatic/447120-diamond-tipped-spear.png","https://raw.communitydragon.org/latest/plugins/rcp-be-lol-game-data/global/default/assets/items/icons2d/447120_diamondtippedspear.png","16.19.1",""
"447121","황혼의 끝자락","황혼의 끝자락","Twilight's Edge","prismatic","prismatic/447121-twilight-s-edge.png","https://raw.communitydragon.org/latest/plugins/rcp-be-lol-game-data/global/default/assets/items/icons2d/447121_twilightsedge.png","16.19.1",""
"447122","블랙홀 건틀릿","블랙홀 건틀릿","Black Hole Gauntlet","prismatic","prismatic/447122-black-hole-gauntlet.png","https://raw.communitydragon.org/latest/plugins/rcp-be-lol-game-data/global/default/assets/items/icons2d/447122_blackholegauntlet.png","16.19.1",""
"447123","조종의 손아귀","조종의 손아귀","Puppeteer","prismatic","prismatic/447123-puppeteer.png","https://raw.communitydragon.org/latest/plugins/rcp-be-lol-game-data/global/default/assets/items/icons2d/447123_puppeteer.png","16.19.1",""
"anvil-shardblade","파편 검","파편 검","Anvil Shardblade","anvil","anvil/Anvil_Shardblade_item.webp","","16.19.1","prismatic"
